Полное наименование учреждения;Полное наименование учреждения 2;Муниципальное образование; Тип населённого пункта;Наименование населенного пункта; Адрес учреждения;Широта;Долгота;Тип подключения (сущ.);Скорость подключения (сущ.), Мбит/с;Провайдер (сущ.);Тип подключения (план);Скорость подключения (план), Мбит/с;Дата планируемого подключения;
МКОО АСОШ
МКОО ШИЛЯГИНСКАЯ СОШ
МКОУ 1-ЦОВКРИНСКАЯ ООШ
МКОУ 2-ЦОВКРИНСКАЯ СОШ
МКОУ АГАДИНСКАЯ СОШ
МКОУ Агвалинская СОШ
МКОУ АДЖИМАЖАГАТЮРТОВСКАЯ СОШ
МКОУ АДИЛЬЯНГИЮРТОВСКАЯ СОШ
МКОУ АЗАДОГЛЫНСКАЯ СОШ
МКОУ Аймакинская СОШ Герг-й район
МКОУ АЙМАУМАХИНСКАЯ СОШ
МКОУ АКБУЛАТЮРТОВСКАЯ СОШ
МКОУ АКНАДИНСКАЯ СОШ
МКОУ Акушинская СОШ_1 им. Кирова
МКОУ АЛАДАШСКАЯ СОШ
МКОУ Александрийская СОШ
МКОУ Амушинская СОШ
МКОУ АНДИЙСКАЯ СОШ №1
МКОУ АНДИЙСКАЯ СОШ №2
МКОУ Андыхская СОШ
МКОУ А-НЕВСКАЯ СОШ
МКОУ АНСАЛТИНСКАЯ СОШ
МКОУ АООШ
МКОУ АООШ Казбек. р-он
МКОУ АРАБЛЯРСКАЯ СОШ
МКОУ АРАДА- ЧУГЛИНСКАЯ СОШ
МКОУ АРАДИРИХСКАЯ СОШ
МКОУ АРАКАНСКАЯ СОШ
МКОУ АРАКСКАЯ СОШ
МКОУ АРШИНСКАЯ СОШ
МКОУ АСАЛИКЕНТСКАЯ ООШ
МКОУ АСОШ
МКОУ АССАБСКАЯ СОШ
МКОУ АХАРСКАЯ СОШ
МКОУ АЧИСИНСКАЯ СОШ №2
МКОУ АШАГАКАРТАССКАЯ ООШ
МКОУ АШАГАСТАЛЬСКАЯ СОШ
МКОУ АШАГА-ЯРАКСКАЯ СОШ
МКОУ АШАЛИНСКАЯ ООШ
МКОУ АШАРСКАЯ СОШ
МКОУ АЯЛАКАБСКАЯ СОШ
МКОУ АЯЛИЗИМАХИНСКАЯ СОШ
МКОУ Бабаюр-ая СОШ №1 им. Арзулумова
МКОУ БАЙРАМАУЛЬСКАЯ СОШ
МКОУ БАЛТАМАХИНСКАЯ СОШ
МКОУ БАНАЙЮРТОВСКАЯ СОШ
МКОУ БАРНАБСКАЯ ООШ
МКОУ БАТЫР-МУРЗАЕВСКАЯ СОШ
МКОУ Большезадоевская СОШ
МКОУ Бондареновская ООШ
МКОУ БОРАНЧИНСКАЯ СОШ
МКОУ Боташюртовская СОШ им Ахаева
МКОУ БОТАЮРТОВСКАЯ СОШ
МКОУ Брянская СОШ
МКОУ БСОШ
МКОУ БУРГАНКЕНТСКАЯ СОШ
МКОУ БУРДЕКИНСКАЯ СОШ
МКОУ БУРХИМАХИНСКАЯ СОШ
МКОУ БУХТЫНСКАЯ СОШ
МКОУ ВАНАШИМАХИНСКАЯ СОШ
МКОУ ВАРСИТСКАЯ СОШ
МКОУ В-ДЖЕНГУТАЕВСКАЯ СОШ
МКОУ Верхнебатлухская СОШ
МКОУ Верхнеказанищенская СОШ 2
МКОУ Верхнеколобская СОШ
МКОУ ВЕРХНЕ-ЛАБКОМАХИНСКАЯ СОШ
МКОУ ВЕРХНЕ-УБЕКИНСКАЯ ООШ
МКОУ ВИХЛИНСКАЯ СОШ
МКОУ Вышеталовская СОШ
МКОУ ГАГАТЛИНСКАЯ СОШ.
МКОУ ГАДАРИНСКАЯ СОШ
МКОУ ГАЗИЯНСКАЯ ООШ
МКОУ ГАМИЯХСКАЯ СОШ №1
МКОУ ГАСИКСКАЯ СОШ
МКОУ ГВЕДЫШИНСКАЯ СОШ
МКОУ ГЕЛИНБАТАНСКАЯ СОШ
МКОУ ГЕЛЬБАХСКАЯ СОШ
МКОУ ГЕЛЬХЕНСКАЯ СОШ
МКОУ ГЕНЕКОЛОБСКАЯ СОШ
МКОУ ГЕНЖЕАУЛЬСКАЯ СОШ
МКОУ Гентинская СОШ
МКОУ Гергебельская СОШ 1
МКОУ Гергебельская СОШ 2
МКОУ ГЕРЕЙХАНОВСКАЯ СОШ №1
МКОУ ГЕРЕЙХАНОВСКАЯ СОШ №2
МКОУ Гертминская СОШ им. Абулмуслимова
МКОУ Гимназия 5 г.Кизилюрт
МКОУ ГИМНАЗИЯ № 1
МКОУ ГИМНАЗИЯ № 2 ИМ. А.М.САЙТИЕВА
МКОУ Гимназия №1 г. Хасавюрт
МКОУ Гимназия г.Буйнакска
МКОУ ГИМНАЗИЯ ИМ. М.ГОРЬКОГО
МКОУ Гимназия_1 г. Кизилюрт
МКОУ ГИНТИНСКАЯ СОШ
МКОУ ГИСИКСКАЯ ООШ
МКОУ ГКМ им. Нуцалова
МКОУ Гоготлинская СОШ
МКОУ ГОДОБЕРИНСКАЯ СОШ
МКОУ ГОКСУВОТАРСКАЯ СОШ
МКОУ ГОНОДИНСКАЯ СОШ
МКОУ ГООРСКАЯ СОШ
МКОУ ГООШ
МКОУ ГООШ Казбек. р-он
МКОУ ГПСОШ
МКОУ ГСОШ им. Абдулмуслимова
МКОУ ГСОШ
МКОУ ГУВЛИГСКАЯ СОШ
МКОУ ГУЛДЫНСКАЯ ООШ
МКОУ ГУЛЛИНСКАЯ СОШ
МКОУ ГУМИНСКАЯ СОШ
МКОУ ГУРИКСКАЯ СОШ
МКОУ ГЮХРАГСКАЯ СОШ
МКОУ ДАГБАШСКАЯ ООШ
МКОУ ДАГНИНСКАЯ ООШ
МКОУ ДАНУХСКАЯ СОШ
МКОУ ДАРВАГСКАЯ СОШ №1
МКОУ ДАРВАГСКАЯ СОШ №2
МКОУ ДГ
МКОУ ДЖАБИНСКАЯ СОШ
МКОУ ДЖАВГАТСКАЯ СОШ
МКОУ ДЖАЛГАНСКАЯ СОШ
МКОУ ДЖЕПЕЛЬСКАЯ ООШ
МКОУ ДЖИБАХНИНСКАЯ СОШ
МКОУ ДЖИНАБИНСКАЯ СОШ
МКОУ ДЖИРАБАЧИНСКАЯ СОШ
МКОУ ДЖУЛИНСКАЯ СОШ
МКОУ ДЖУЛЬДЖАГСКАЯ СОШ
МКОУ ДЖУРМАЧИНСКАЯ ООШ
МКОУ ДЗЕРЖИНСКАЯ СОШ
МКОУ ДМЛ им. Гаджиева
МКОУ ДОРГЕЛИНСКАЯ СОШ №2
МКОУ ДСОШ
МКОУ ДСОШ ИМЕНИ С. РАБАДАНОВА
МКОУ ДСОШ
МКОУ Дубкинская СОШ им. Салимханова
МКОУ ДУБРИМАХИНСКАЯ СОШ
МКОУ ДУЧИНСКАЯ СОШ №1
МКОУ ДЮБЕКСКАЯ СОШ ИМ. Ю БАЗУТАЕВА
МКОУ Зареченская СОШ Киз-ляр. рай
МКОУ ЗЕЛЕНОМОРСКАЯ СОШ
МКОУ ЗИЗИКСКАЯ СОШ
МКОУ ЗИЛОВСКАЯ СОШ
МКОУ ЗИЛЬМУКМАХИНСКАЯ ООШ
МКОУ ЗИЛЬСКАЯ СОШ
МКОУ Зиранинская СОШ
МКОУ ЗИУРИБСКАЯ ООШ
МКОУ ЗСОШ ИМЕНИ АМИРА ГАЗИ
МКОУ ЗУБУТЛИ-МИАТЛИНСКАЯ СОШ
МКОУ ЗУРИМАХИНСКАЯ ООШ
МКОУ ЗУХРАБКЕНТСКАЯ ООШ
МКОУ Избербашская ШИ III-IV видов
МКОУ ИЗБЕРБАШСКАЯ ШКОЛА-ИНТЕРНАТ
МКОУ ИКРИНСКАЯ СОС ШКОЛА-ИНТЕРНАТ
МКОУ Иммунная СОШ Тарум-ий р-он
МКОУ ИНГИШИНСКАЯ СОШ
МКОУ ИООШ
МКОУ ИСОШ
МКОУ ИСПИКСКАЯ ООШ
МКОУ ИСПИКСКАЯ СОШ
МКОУ КАБИРСКАЯ СОШ
МКОУ КАДИРКЕНТСКАЯ СОШ
МКОУ КАДЫРОТАРСКАЯ СОШ
МКОУ Калинаульская СОШ им Гайирханова
МКОУ КАЛИНОВСКАЯ СОШ
МКОУ КАНАСИРАГИНСКАЯ СОШ
МКОУ КАНДИКСКАЯ СОШ ИМ.Б.МИТАРОВА
МКОУ КАНИНСКАЯ ООШ
МКОУ КАНЦИЛЬСКАЯ СОШ
МКОУ КАРАГАССКАЯ СОШ
МКОУ КАРАДАХСКАЯ СОШ
МКОУ КАРАКЮРИНСКАЯ СОШ
МКОУ КАРАСУВСКАЯ СОШ
МКОУ КАРАЦАНСКАЯ СОШ
МКОУ КАРЕКАДАНИНСКАЯ СОШ
МКОУ КАРИНСКАЯ ООШ
МКОУ КАРЛАНЮРТОВСКАЯ СОШ
МКОУ Карломарксовская СОШ
МКОУ КАРТАСКАЗМАЛЯРСКАЯ СОШ
МКОУ КАРЧАГСКАЯ СОШ
МКОУ Кахибская СОШ
МКОУ КАХЦУГСКАЯ СОШ
МКОУ КАЧАЛКЕНТСКАЯ ООШ
МКОУ КАШКЕНТСКАЯ СОШ
МКОУ КАЯЛИНСКАЯ СОШ-САД
МКОУ КВАНХИДАТЛИНСКАЯ ООШ
МКОУ КВАРДАЛСКАЯ ООШ
МКОУ КЕГЕРСКАЯ СОШ
МКОУ КЕМСИЮРТОВСКАЯ СОШ
МКОУ КИЖАНИНСКАЯ ООШ
МКОУ Кизлярская гим-ия 1 Ломоносова_
МКОУ Кизлярская гим-ия 1_им. Ломоносова
МКОУ Кизлярская гим-ия 6 им Пушкина_
МКОУ Кизлярская гим-ия 6_им. Пушкина
МКОУ КИЛЯТЛИНСКАЯ СОШ
МКОУ КИРОВАУЛЬСКАЯ СОШ
МКОУ КИЧИГАМРИНСКАЯ СОШ
МКОУ КИЩИНСКАЯ МНОГОПРОФ. ГИМНАЗИЯ
МКОУ КЛИЧХАНСКАЯ ООШ
МКОУ КНОШ
МКОУ КОКРЕКСКАЯ СОШ
МКОУ Коктюбейская ООШ
МКОУ КОРОДИНСКАЯ СОШ
МКОУ КОСТЕКСКАЯ СОШ
МКОУ Косякинская СОШ
МКОУ Краснооктябрьсякая СОШ
МКОУ КРАСНОПАРТИЗАНСКАЯ СОШ
МКОУ КСОШ
МКОУ КСОШ № 3
МКОУ КСОШ
МКОУ КСОШ_
МКОУ КСОШ_
МКОУ КУАНИБСКАЯ ООШ
МКОУ КУБАЧИНСКАЯ НО ШКОЛА-ДЕТ. САД
МКОУ КУГСКАЯ СОШ ИМ.Б.БАЙРАМБЕКОВА
МКОУ КУДАЛИНСКАЯ СОШ
МКОУ Кудутлинская СОШ Герг-й район
МКОУ КУЖНИКСКАЯ СОШ
МКОУ КУЛИБУХНИНСКАЯ ООШ
МКОУ КУЛИДЖИНСКАЯ ООШ
МКОУ КУЛЬЗЕБСКАЯ СОШ
МКОУ КУМИНСКАЯ ООШ
МКОУ КУМЛИНСКАЯ СОШ
МКОУ КУМУКСКАЯ СОШ
МКОУ КУНДЫНСКАЯ СОШ
МКОУ КУНЗАХСКАЯ ООШ
МКОУ КУРЕКСКАЯ СОШ
МКОУ КУРКАКСКАЯ СОШ
МКОУ КУРКЛИНСКАЯ СОШ
МКОУ КУТИШИНСКАЯ СОШ
МКОУ КУТЛАБСКАЯ СОШ
МКОУ КУТУЛЬСКАЯ ООШ
МКОУ КУЧХЮРСКАЯ СОШ
МКОУ КУШТИЛЬСКАЯ СОШ
МКОУ КЮРЯГСКАЯ СОШ
МКОУ ЛЕНИНКЕНТСКАЯ СОШ
МКОУ ЛИЦЕЙ
МКОУ ЛИЩИНСКАЯ ООШ
МКОУ ЛСОШ 1
МКОУ ЛСОШ 2
МКОУ ЛСОШ_1
МКОУ ЛЯХЛИНСКАЯ СОШ
МКОУ МАДЖАЛИССКАЯ МЕЖРАЙОННАЯ СОШ
МКОУ МАЛЛАКЕНТСКАЯ ООШ
МКОУ Малоарешевская СОШ
МКОУ МАММАУЛЬСКАЯ СОШ
МКОУ МАРАГИНСКАЯ СОШ №1
МКОУ МАРАГИНСКАЯ СОШ №2
МКОУ МАЦЕЕВСКАЯ СОШ
МКОУ МАШАТДИНСКАЯ ООШ
МКОУ МЕГЕБСКАЯ СОШ
МКОУ МЕЖГЮЛЬСКАЯ СОШ
МКОУ МИАРСИНСКАЯ СОШ
МКОУ МИАТЛИНСКАЯ СОШ
МКОУ МИГЛАКАСИМАХИНСКАЯ СОШ
МКОУ МИЖИГЛИНСКАЯ ООШ
МКОУ МИТЛИУРИБСКАЯ ООШ
МКОУ Михеевская СОШ
МКОУ МОГИЛЕВСКАЯ СОШ
МКОУ МОГОХСКАЯ ООШ
МКОУ Могохская СОШ
МКОУ МОКСОБСКАЯ СОШ
МКОУ МОЛЛАКЕНТСКАЯ СОШ
МКОУ МООШ
МКОУ МПЛ_2
МКОУ МСОШ №1
МКОУ МУЖУКАЙСКИЙ АГРОТЕХ. ЛИЦЕЙ
МКОУ МУЖУКАЙСКИЙ АГРОТЕХН. ЛИЦЕЙ
МКОУ Мурадинская СОШ Герг-й район
МКОУ МУРГУКСКАЯ СОШ
МКОУ МУЦАЛАУЛЬСКАЯ СОШ № 1
МКОУ МУЦАЛАУЛЬСКАЯ СОШ № 2
МКОУ НАЧ. ШКОЛА ЮНЫЙ ПАХАРЬ
МКОУ НАЧАДИНСКАЯ СОШ
МКОУ Нижнебатлухская СОШ
МКОУ НИЖНЕМАХАРГИНСКАЯ СОШ
МКОУ НИЖНЕМУЛЕБКИНСКАЯ СОШ
МКОУ НИЖНЕ-УБЕКИНСКАЯ ООШ
МКОУ НИЧРАСКАЯ СОШ
МКОУ НОВО-БАРШИНСКАЯ ООШ
МКОУ Новобирюзякская СОШ
МКОУ Нововладимировская СОШ
МКОУ НОВОГАГАТЛИНСКАЯ СОШ
МКОУ Ново-Георгиевская СОШ
МКОУ Ново-Дмитриевская СОШ
МКОУ НОВОЗУБУТЛИНСКАЯ СОШ
МКОУ НОВОКАРИНСКАЯ СОШ
МКОУ НОВОКАЯКЕНТСКАЯ НШ ДЕТ.-САД 1
МКОУ НОВОКОСИНСКАЯ СОШ
МКОУ НОВОКОСТЕКСКАЯ СОШ
МКОУ Новокрестьяновская СОШ
МКОУ Новокулинская СОШ 2 Новалак район
МКОУ НОВОКУЛИНСКАЯ СОШ №1
МКОУ Новомонастырская СОШ
МКОУ НОВОМУГРИНСКАЯ СОШ
МКОУ НОВОПОСЕЛКОВАЯ СОШ
МКОУ Новоромановская СОШ
МКОУ НОВОСАСИТЛИНСКАЯ СОШ
МКОУ НОВОСЕЛЬСКАЯ СОШ
МКОУ Новосеребряковская СОШ
МКОУ НОВОУРКАРАХСКАЯ СОШ
МКОУ НОВО-ФРИГСКАЯ СОШ
МКОУ НОВОЧИРКЕЙСКАЯ СОШ №1
МКОУ НОВОЧИРКЕЙСКАЯ СОШ №2
МКОУ НЮТЮГСКАЯ СОШ
МКОУ ОБОХСКАЯ СОШ
МКОУ Огузерская СОШ
МКОУ ОКТЯБРЬСКАЯ СОШ
МКОУ ООШ БЕЛИДЖИ
МКОУ ОРТАКОЛИНСКАЯ СОШ
МКОУ ОРТАТЮБИНСКАЯ СОШ
МКОУ ОСМАНЮРТОВСКАЯ СОШ
МКОУ ПИЛИГСКАЯ СОШ
МКОУ ПОБЕДОВСКАЯ СОШ
МКОУ ПОКРОВСКАЯ СОШ
МКОУ ПРИВОЛЬНЕНСКАЯ СОШ
МКОУ ПТИКЕНТСКАЯ ООШ
МКОУ ПЯТИЛЕТКИНСКАЯ СОШ
МКОУ РАССВЕТОВСКАЯ СОШ
МКОУ Ратлубская СОШ
МКОУ РД Мачадинская СОШ
МКОУ РИКВАНИНСКАЯ СОШ
МКОУ РОДНИКОВАЯ СОШ
МКОУ Роздолевская СОШ
МКОУ Ругельдинская СОШ
МКОУ РУГУДЖИНСКАЯ СОШ
МКОУ РУКЕЛЬСКАЯ ООШ
МКОУ Рыбалкинская СОШ
МКОУ САДОВАЯ СОШ
МКОУ САИДКЕНТСКАЯ СОШ
МКОУ САЙТАРКЕНТСКАЯ ООШ
МКОУ САЛТЫНСКАЯ СОШ
МКОУ Сангишинская ООШ
МКОУ САНЧИНСКАЯ СОШ
МКОУ САРДАРКЕНТСКАЯ СОШ
МКОУ Сар-Сарская СОШ
МКОУ СЕГЕЛЯРСКАЯ НАЧАЛЬНАЯ ШКОЛА
МКОУ СЕРТИЛЬСКАЯ СОШ
МКОУ СИРАГИНСКАЯ СОШ
МКОУ Совхозная СОШ 6 с.Юбилейное
МКОУ Совхозная СОШ
МКОУ СОШ 5
МКОУ СОШ 1 г. Избербаш
МКОУ СОШ 10 г. Избербаш
МКОУ СОШ 11 г.Кизляр
МКОУ СОШ 11 г. Кизляр
МКОУ СОШ 11 г.Избербаш
МКОУ СОШ 12 г. Избербаш
МКОУ СОШ 5 г. Кизляр
МКОУ СОШ № 1 БЕЛИДЖИ
МКОУ СОШ № 10 г. Буйнакск
МКОУ СОШ № 11 Г. ИЗБЕРБАШ
МКОУ СОШ № 11
МКОУ СОШ № 12 Г. ИЗБЕРБАШ
МКОУ СОШ № 16
МКОУ СОШ № 5
МКОУ СОШ № 5 г. Буйнакск
МКОУ СОШ № 6 г. Буйнакск
МКОУ СОШ №10 ИМ. А.И. ИСМАИЛОВА
МКОУ СОШ №11 г. Буйнакск
МКОУ СОШ №11 г. Буйнакск
МКОУ СОШ №12 ИМ.Л.Н.ТОЛСТОГО
МКОУ СОШ №17
МКОУ СОШ №6  г. Буйнакск
МКОУ СОШ НИЖНИЙ ДЖАЛГАН
МКОУ ССОШ
МКОУ СТ. КАРЛАНЮРТОВСКАЯ СОШ
МКОУ СТАЛЬСКАЯ ГИМНАЗИЯ
МКОУ СТАЛЬСКАЯ СОШ № 2
МКОУ СТАЛЬСКАЯ СОШ № 3
МКОУ Степновская ООШ
МКОУ СУЛТАНЯНГИЮРТОВСКАЯ СОШ №2
МКОУ Султанянгиюртовская СОШ
МКОУ СУМБАТЛИНСКАЯ ООШ
МКОУ СУРХАЧИНСКАЯ ООШ
МКОУ СЮГЮТСКАЯ СОШ ИМ. М.МИТАРОВА
МКОУ ТАГЗИРКЕНТСКАЯ ООШ
МКОУ Таловская СОШ
МКОУ ТАНДОВСКАЯ СОШ
МКОУ Танусинская СОШ им. Шамхалова
МКОУ ТАСУТИНСКАЯ ООШ
МКОУ ТЕМИРАУЛЬСКАЯ СО
МКОУ ТЕМИРАУЛЬСКАЯ СОШ
МКОУ ТЕРЕЧНАЯ СОШ
МКОУ Теркли-мектебская СОШ
МКОУ Тидибская СОШ
МКОУ ТИЛАГИНСКАЯ ООШ
МКОУ ТИНИТСКАЯ СОШ
МКОУ ТЛОГОБСКАЯ СОШ
МКОУ ТЛОХСКАЯ СОШ
МКОУ ТЛЯНУБСКАЯ СОШ
МКОУ Тляхская СОШ
МКОУ Тогохская СОШ
МКОУ ТОТУРБИЙКАЛИНСКАЯ СОШ
МКОУ ТСОШ
МКОУ ТУРАГСКАЯ СОШ
МКОУ ТУРУФСКАЯ СОШ
МКОУ ТУХЧАРСКАЯ СОШ №1
МКОУ ТУХЧАРСКАЯ СОШ
МКОУ Тушиловская ООШ
МКОУ ТЮБИНСКАЯ ВСОШ
МКОУ ТЮПКУТАНСКАЯ СОШ
МКОУ УЙ-САЛГАНСКАЯ ООШ
МКОУ УЛЛУГАТАГСКАЯ СОШ
МКОУ УЛУЗСКАЯ ООШ
МКОУ УМЛ
МКОУ УНТЫНСКАЯ ООШ
МКОУ УНЧУКАТЛИНСКАЯ СОШ
МКОУ Урадинская СОШ
МКОУ УРАЛИНСКАЯ СОШ
МКОУ УРАХИНСКАЯ СОШ
МКОУ УРГИНСКАЯ СОШ
МКОУ УРИБСКАЯ ОСШ
МКОУ УРИНСКАЯ ООШ ЛАКСКОГО РАЙОНА
МКОУ Уркарахская МГ
МКОУ УСОШ № 1
МКОУ УСОШ № 2
МКОУ УСУГСКАЯ СОШ
МКОУ УШНИГСКАЯ СОШ
МКОУ ФИРГИЛЬСКАЯ СОШ
МКОУ ФИТИНСКАЯ СОШ
МКОУ ХАДАГИНСКАЯ ООШ
МКОУ ХАЙХИНСКАЯ ОО ШКОЛА - САД
МКОУ ХАЛАГСКАЯ СОШ
МКОУ ХАНАКСКАЯ ООШ
МКОУ ХАСАНАЙСКАЯ СОШ
МКОУ Хвартикунинская СОШ Герг-ий район
МКОУ ХВЕРЕДЖСКАЯ СОШ
МКОУ ХЕЛЕТУРИНСКАЯ СОШ
МКОУ ХИЛИ-ПЕНДЖИКСКАЯ СОШ
МКОУ ХИНДАХСКАЯ ООШ
МКОУ ХМЛ
МКОУ ХООШ
МКОУ ХОРЕДЖСКАЯ СОШ
МКОУ Хотодинская СОШ
МКОУ ХПЕДЖСКАЯ СОШ
МКОУ ХПЮКСКАЯ СОШ
МКОУ ХСОШ
МКОУ Хубарская СОШ
МКОУ ХУЛИСМИНСКАЯ ООШ
МКОУ ХУНГИЯНСКАЯ ООШ
МКОУ ХУНИНСКАЯ ООШ
МКОУ ХУРИНСКАЯ ООШ
МКОУ ХУРИНСКАЯ
МКОУ ХУРХИНСКАЯ СОШ
МКОУ ХУРЯКСКАЯ ООШ
МКОУ ХУСТИЛЬСКАЯ СОШ
МКОУ Хуцеевская СОШ
МКОУ ХУЧАДИНСКАЯ ООШ
МКОУ ХЮРЕХЮРСКАЯ СОШ
МКОУ ЦАНАКСКАЯ СОШ
МКОУ ЦАНАТЛИНСКАЯ ООШ
МКОУ ЦАТАНИХСКАЯ СОШ
МКОУ Цветковая гимназия
МКОУ ЦЕЛЕГЮНСКАЯ СОШ
МКОУ ЦИЛИТЛИНСКАЯ СОШ
МКОУ ЦИНИТСКАЯ СОШ
МКОУ ЦНАЛЬСКАЯ СОШ
МКОУ ЦО ЮЛДАШ С. ХУЧНИ
МКОУ ЦУЛИКАНИНСКАЯ ООШ
МКОУ ЦУРАИНСКАЯ ООШ
МКОУ ЦУХТАМАХИНСКАЯ СОШ
МКОУ ЦУХТЫГСКАЯ СОШ
МКОУ ЦУЩАРСКАЯ ООШ
МКОУ ЦЫЙШИНСКАЯ СОШ
МКОУ ЧАГАРОТАРСКАЯ СОШ
МКОУ ЧАДАКОЛОБСКАЯ СОШ
МКОУ ЧАНКОВСКАЯ СОШ
МКОУ ЧЕРВЛЕННО-БУРУНСКАЯ СОШ
МКОУ ЧЕРЕНСКАЯ ООШ
МКОУ Черняевская СОШ
МКОУ ЧИРКЕЙСКИЙ ЛИЦЕЙ
МКОУ ЧИТЛИНСКАЯ ООШ
МКОУ ЧОРОДИНСКАЯ ООШ
МКОУ ЧОХ-КОММУНСКАЯ СОШ
МКОУ ЧОХСКАЯ СОШ
МКОУ ЧУВЕКСКАЯ СОШ ИМ.СЕФЕРБЕКОВА
МКОУ ЧУЛАТСКАЯ СОШ
МКОУ ЧУМЛИНСКАЯ СОШ
МКОУ ЧУНИНСКАЯ СОШ
МКОУ ЧУРТАХСКАЯ ООШ
МКОУ ЧУХВЕРКЕНТСКАЯ СОШ
МКОУ ШАГАДИНСКАЯ СОШ
МКОУ ШАНГОДИНСКАЯ СОШ
МКОУ Шаумяновская ООШ
МКОУ ШИДИБСКАЯ СОШ
МКОУ ШИЛЕНСКАЯ СОШ
МКОУ ШИМИХЮРСКАЯ СОШ
МКОУ ШИНКБАЛАКАДИНСКАЯ ООШ
МКОУ ШИХИКЕНТСКАЯ СОШ
МКОУ ШКОЛА №2 ИМ. З.Х.ХИЗРИЕВА
МКОУ ШКОЛА-САД НИЖНИЙ ДЖАЛГАН
МКОУ ШОВКРИНСКАЯ ООШ
МКОУ ШОДРОДИНСКАЯ СОШ
МКОУ ШСОШ
МКОУ ШТУЛЬСКАЯ ООШ
МКОУ ШУЛАНИНСКАЯ СОШ
МКОУ ШУШАНОВСКАЯ СОШ
МКОУ ШУШИНСКАЯ СОШ
МКОУ ЩАРИНСКАЯ СОШ
МКОУ ЭБДАЛАИНСКАЯ СОШ
МКОУ ЭДИГЕЙСКАЯ СОШ
МКОУ ЭМИНХЮРСКАЯ СОШ
МКОУ ЮРКОВСКАЯ СОШ
МКОУ ЮХАРИКАРТАССКАЯ ООШ
МКОУ ЮХАРИСТАЛЬСКАЯ СОШ
МКОУ Ю-ЯРАКСКАЯ ООШ ИМ.А.М.ЮСУФОВА
МКОУ ЯМАНСУЙСКАЯ СОШ
МКОУ ЯНГИКЕНТСКАЯ СОШ
МКОУ ЯРУКВАЛАРСКАЯ ООШ
МКОУ Яснополянская СОШ
МКОУКШИ ДКК-1
МОУ КОМСОМОЛЬСКАЯ СОШ
МОУ МУНИНСКАЯ СОШ
Усухчайская СОШ
ФУРДАГСКАЯ НШ
МБОУ АНЧИКСКАЯ СОШ
МБОУ Атланаульская гим-ия И. Казака
МБОУ Атланаульская гим-я
МБОУ Бугленская СООШ с. Буглен
МБОУ Гимназия 1 г.Дербент
МБОУ Гимназия 11 г. Махачкала
МБОУ Гимназия 13 г. Махачкала
МБОУ Гимназия 17 г. Махачкала
МБОУ Гимназия 28 г. Махачкала
МБОУ Гимназия 4 г. Махачкала
МБОУ ГИМНАЗИЯ №1 ИМЕНИ С.М.ОМАРОВА
МБОУ ГИМНАЗИЯ №1
МБОУ ГИМНАЗИЯ №3
МБОУ Гимназия №3 г. Дербент
МБОУ Гимназия №33 г. Махачкала
МБОУ Гимназия №35 г. Махачкала
МБОУ Гимназия №37 г. Махачкала
МБОУ Гимназия №7 г. Махачкала
МБОУ ГИМНАЗИЯ ПЕРСПЕКТИВА
МБОУ ГКМ г. Дербент
МБОУ Дербентская гимназия №2
МБОУ Дербентский КК В.А. Эмирова
МБОУ Кадетская ШИ 1-ый Даг-ий КК
МБОУ КАРАТИНСКАЯ ОБЩЕОБР. ГИМНАЗИЯ
МБОУ КАСПИЙСКИЙ ЛИЦЕЙ 8
МБОУ КМШИ
МБОУ КСОШ №3
МБОУ Махач-кий многопрофильный лицей 39
МБОУ Многопроф-ая гим-ия 6 г.Махачкала
МБОУ Многопроф-я гим-ия 30_г. Махачкала
МБОУ Многопроф-я гим-ия 38_г. Махачкала
МБОУ Многопроф-я гим-ия 5_г. Махачкала
МБОУ Н.Дженгутайская СОШ Буйнакск. р-он
МБОУ Нижнеказани-ая СОШ 3 Буйн-ий р.
МБОУ Нижнеказан-кий многопроф-ый лицей
МБОУ Новокаякентская школа детсад_1_
МБОУ ООШ 23 г. Махачкала с. Остров-Чечень
МБОУ СОШ 3 г. Каспийск
МБОУ СОШ 1 г. Дербент
МБОУ СОШ 1 г. Каспийск
МБОУ СОШ 10 г. Махачкала
МБОУ СОШ 11 г. Дербент
МБОУ СОШ 12 г. Дербент
МБОУ СОШ 13 г. Дербент
МБОУ СОШ 14 г. Махачкала
МБОУ СОШ 15 г. Дербент
МБОУ СОШ 15_им.Цахаева г. Махачкала
МБОУ СОШ 16 г. Дербент
МБОУ СОШ 16_г. Махачкала
МБОУ СОШ 17 г. Дербент
МБОУ СОШ 18 г. Махачкала
МБОУ СОШ 20 им. Р. Гамзатова г.Дербент
МБОУ СОШ 21 г. Дербент РД
МБОУ СОШ 24 Махачкала
МБОУ СОШ 25 г. Махачкала
МБОУ СОШ 29
МБОУ СОШ 3 г. Дербент
МБОУ СОШ 31 г. Махачкала
МБОУ СОШ 32 г.Махачкала
МБОУ СОШ 34 г. Махачкала
МБОУ СОШ 36 г. Махачкала
МБОУ СОШ 40 г. Махачкала
МБОУ СОШ 42 г. Махачкала
МБОУ СОШ 43 г. Махачкала
МБОУ СОШ 44 г. Махачкала
МБОУ СОШ 45 г. Махачкала
МБОУ СОШ 46_г. Махачкала
МБОУ СОШ 47 г. Махачкала
МБОУ СОШ 48_г. Махачкала
МБОУ СОШ 5 с. Нижнее Казанище
МБОУ СОШ 53 г. Махачкала
МБОУ СОШ 55_г. Махачкала
МБОУ СОШ 58_г. Махачкала
МБОУ СОШ 6 г. Каспийск
МБОУ СОШ 6 г. Дербент
МБОУ СОШ 60 г. Махачкала
МБОУ СОШ 8 г. Дербент
МБОУ СОШ 9 г. Дербент
МБОУ СОШ № 11 Г. КАСПИЙСКА
МБОУ СОШ № 14
МБОУ СОШ № 2 Г. КАСПИЙСКА
МБОУ СОШ № 2 г. Буйнакск
МБОУ СОШ № 20 Г.ДЕРБЕНТ РД
МБОУ СОШ № 21 Г.ДЕРБЕНТ РД
МБОУ СОШ № 21 г.Махачкала
МБОУ СОШ № 3 Г. КАСПИЙСКА
МБОУ СОШ № 3 Г.ДЕРБЕНТ РД
МБОУ СОШ № 4 ДАГЕСТАНСКИЕ ОГНИ
МБОУ СОШ № 4
МБОУ СОШ № 4 г. Буйнакск
МБОУ СОШ № 49
МБОУ СОШ № 6 ДАГЕСТАНСКИЕ ОГНИ
МБОУ СОШ № 9 Г. КАСПИЙСКА
МБОУ СОШ № 9 г. Буйнакск
МБОУ СОШ №1 ДАГЕСТАНСКИЕ ОГНИ
МБОУ СОШ №11 Г.ДЕРБЕНТ РД
МБОУ СОШ №12 г. Махачкала
МБОУ СОШ №13
МБОУ СОШ №14 Дербент
МБОУ СОШ №15
МБОУ СОШ №19 г. Махачкала
МБОУ СОШ №19 Дербент
МБОУ СОШ №19
МБОУ СОШ №2 ДАГЕСТАНСКИЕ ОГНИ
МБОУ СОШ №2 г. Махачкала
МБОУ СОШ №2
МБОУ СОШ №20 г. Махачкала
МБОУ СОШ №26 г. Махачкала
МБОУ СОШ №27 г. Махачкала
МБОУ СОШ №3 ДАГЕСТАНСКИЕ ОГНИ
МБОУ СОШ №41 г. Махачкала
МБОУ СОШ №5 ДАГЕСТАНСКИЕ ОГНИ
МБОУ СОШ №5 Каспийск
МБОУ СОШ №50 г. Махачкала
МБОУ СОШ №59 г. Махачкала
МБОУ СОШ №6 г. Махачкала
МБОУ СОШ №6 Каспийск
МБОУ СОШ №61 г. Махачкала
МБОУ СОШ №7 ДАГЕСТАНСКИЕ ОГНИ
МБОУ СОШ №8 ДАГЕСТАНСКИЕ ОГНИ
МБОУ СОШ №9 Г.ДЕРБЕНТ РД
МБОУ Специальная ОШИ 1 вида_г. Махачкала
МБОУ Специальная ОШИ IV вида Махачкала
МБОУ СШ_4 г. Дербент
МБОУ ТЛИБИШИНСКАЯ СОШ
МБОУ Чиркейская Гимназия
МБОУ ШИ для детей сирот_г_Махачкала
МБОУ Школа-интернат II вида г.Махачкала