,СОШ,Наличие
0,ГКОУ Айтханская СОШ Ботлихского района ,YES
1,ГКОУ Акаринская ООШ Хунзахского района,YES
2,ГКОУ Арадинская СОШ Хунзахского района,YES
3,ГКОУ Аркидинская СОШ Хунзахского района,YES
4,ГКОУ Ахтининская СОШ Хунзахского района,YES
5,ГКОУ Буденовская ООШ Ахвахского района,
6,ГКОУ Бутушская школа-сад,
7,ГКОУ Гондокоринская ООШ Хунзахского района,
8,ГКОУ Горьковская ООШ Унцукульского района,YES
9,ГКОУ Дарадамурадинский лицей Гергебильского района,YES
10,ГКОУ Дахадаевская ООШ Тляратинского района,YES
11,ГКОУ Джугутская ООШ Ботлихского района,YES
12,ГКОУ Джурмутская СОШ Тляратинского района,YES
13,ГКОУ Ибрагимотарская СОШ Тляратинского района,YES
14,ГКОУ Индиранская СОШ Ахвахского района,YES
15,ГКОУ Казиюртовская СОШ Ахвахского района,YES
16,ГКОУ Кальялская СОШ,YES
17,ГКОУ Камбулатская СОШ Рутульского района,YES
18,ГКОУ Камилухская СОШ Тляратинского района,YES
19,ГКОУ Каратюбинская ООШ Тляратинского района,YES
20,ГКОУ Караузекская СОШ Цунтинского района,YES
21,ГКОУ Карашинская СОШ Лакского района,YES
22,ГКОУ Качалайская СОШ Цунтинского района,YES
23,ГКОУ Кикуникутанская ООШ Гергебильского района,YES
24,ГКОУ Кировская СОШ Тляратинского района,YES
25,ГКОУ Красносельская СОШ Хунзахского района,YES
26,ГКОУ Кубинская СОШ Лакского района,YES
27,ГКОУ Львовская НОШ Акушинского района,
28,ГКОУ Мазадинская СОШ Тляратинского района,YES
29,ГКОУ Нагуратлинская СОШ Гунибского района,
30,ГКОУ Нанибиканская СОШ Гумбетовского района,YES
31,ГКОУ Нарышская ООШ Гумбетовского района,YES
32,ГКОУ Новоборчинская СОШ Рутульского района,YES
33,ГКОУ Новобухтынская СОШ Гунибского района,YES
34,ГКОУ Новогагарская ООШ Тляратинского района,YES
35,ГКОУ Новоданухская СОШ Гумбетовского района,YES
36,ГКОУ Новомегебская ООШ Гунибского района,YES
37,ГКОУ Новомугурухская СОШ Чародинского района,YES
38,ГКОУ Новомуслахская СОШ Рутульского района,YES
39,ГКОУ Новотанусинская СОШ Хунзахского района,YES
40,ГКОУ Новотиндинская СОШ Цумадинского района,YES
41,ГКОУ Новоурадинская СОШ Шамильского района им. Асиятилова С.Х.,YES
42,ГКОУ Новохелетуринская СОШ Ботлихского района,YES
43,ГКОУ Новохуштадинская СОШ Цумадинского района,YES
44,ГКОУ Новоцатанихская СОШ Унцукульского района,YES
45,ГКОУ Новоцилитлинская СОШ Гумбетовского района,YES
46,ГКОУ Новоцолодинская СОШ Ахвахского района,YES
47,ГКОУ ООШ Ботлихского района,YES
48,ГКОУ Орджоникидзевская ООШ Тляратинского района,
49,ГКОУ Первомайская СОШ Гумбетовского района,YES
50,ГКОУ Ретлобская СОШ Цунтинского района,YES
51,ГКОУ Самилахская СОШ Хунзахского района,YES
52,ГКОУ Сангарская СОШ Лакского района,
53,ГКОУ Сафаралинская СОШ Гунибского района,YES
54,ГКОУ Свердловская СОШ Тляратинского района.,YES
55,ГКОУ СОГ Ахвахского района,YES
56,ГКОУ Согратлинская СОШ Гунибского района,YES
57,ГКОУ СОШ Ахвахского района,YES
58,ГКОУ СОШ Ботлихского района,YES
59,ГКОУ Тельманская СОШ Тляратинского района,YES
60,ГКОУ Теречная ООШ Тляратинского района,YES
61,ГКОУ Туршунайская ООШ Казбековского района,YES
62,ГКОУ Уллубиевская СОШ Гунибского района,YES
63,ГКОУ Ургулайская ООШ Цумадинского района,YES
64,ГКОУ Учтюбинская ООШ Казбековского района,
65,ГКОУ Хамзаюртовский Лицей Казбековского района,YES
66,ГКОУ Цадахская СОШ Чародинского района,YES
67,ГКОУ Цумилюхская СОШ Тляратинского района,
68,ГКОУ Шавинская СОШ Цумадинского района,YES
69,ГКОУ Шангодинско-Шитлибская СОШ Гунибского района,YES
70,ГКОУ Щедринская СОШ Тляратинского района,YES
71,ГКОУ Бабаюртовская школа-интернат №1,
72,ГКОУ Бавтугайская школа-интернат,
73,ГКОУ Кизлярская гимназия-интернат Культуры мира,YES
74,ГКОУ Кочубейская школа-интернат,
75,ГКОУ Курминская школа-интернат,
76,ГКОУ  шк.-интернат с. Черняевка,
77,ГКОУ Хасавюртовская шк.-интернат №9,
78,ГБОУ Лицей-интернат ЦОД,YES
79,ГБОУ РМЛИ ДОД,YES
80,ГКОУ Буйнакская школа-интернат №3,
81,ГКОУ ГГИМХО,YES
82,ГКОУ Дербентская школа-интернат №6,
83,ГКОУ  шк.-интернат №2 г. Каспийск,
84,ГКОУ Пять сторон света,YES
85,ГКОУ Санаторная школа-интернат №7,
86,ГКОУ Спортшкола-интернат,
87,ГКОУ Школа-интернат №2 г. Дербент,
88,ГБОУ РД Респуб. центр образования,
89,ГБПОУ ППК им. Батырмурзаева(кл.при ППК),
90,ГКОУ РЦДОДИ,YES
91,ГБОУ РЦСТАиПО,
92,ГКОУ Карабудахкентская спец. (корр.) школа-интернат VIII вида,
93,ГКОУ Магарамкентская спец. (корр.) школа-интернат VIII вида,
94,НОУ,
95,ИП Абсаламова Р.Г.,
96,ИП Халадаева Р.А. Ломоносовская гимназия,YES
97,НООШ Сарманд,
98,НОУ Ватан,
99,НОУ Возрождение,
100,НОУ Гуливер,
101,НОУ Гуманитарная гимназия им. Гамзатова,YES
102,НОУ Земфира,
103,НОУ Квант,
104,НОУ Развитие,
105,НОУ Сахаб,
106,НОУ ООШ Радуга,
107,ОАНО Родничок,
108,ОАНО Сафинат,
109,ОАНО школа им. Юсупова,
110,ООО НОУ школа-сад Планета детства,
111,  Агульский район,
112,МКОУ Арсугская СОШ,YES
113,МКОУ Бедюкская СОШ,YES
114,МКОУ Буркиханская СОШ,YES
115,МКОУ Буршагская СОШ,YES
116,МКОУ Гоинская СОШ,YES
117,МКОУ Дулдугская СОШ,YES
118,МКОУ Курагская СОШ,YES
119,МКОУ Миссинская СОШ,YES
120,МКОУ Ричинская СОШ,YES
121,МКОУ Тпигская СОШ,YES
122,МКОУ Фитинская СОШ,YES
123,МКОУ Худигская СОШ,YES
124,МКОУ Хутхульская СОШ,YES
125,МКОУ Чирагская СОШ,YES
126,МКОУ Яркугская СОШ,YES
127,  Акушинский район,
128,Айникабмахинская НОШ,
129,МКОУ Акушинская СОШ №1,
130,МКОУ Акушинская СОШ №2,YES
131,МКОУ Акушинская СОШ №3,
132,МКОУ Алиханмахинская СОШ,
133,МКОУ Аметеркмахинская СОШ,
134,МКОУ Балхарская СОШ,
135,МКОУ Бургимакмахинская СОШ,YES
136,МКОУ Бутринская СОШ,
137,МКОУ В/Мулебкинская СОШ,
138,МКОУ Гапшиминская СОШ,
139,МКОУ Гебинская СОШ,
140,МКОУ Герхмахинская СОШ,
141,МКОУ Гинтинская СОШ,YES
142,МКОУ Гуладтымахинская СОШ,
143,МКОУ Дубримахинская СОШ,YES
144,МКОУ Зильмукмахинская ООШ,YES
145,МКОУ Кавкамахинская СОШ,
146,МКОУ Камхамахинская СОШ,
147,МКОУ Каршинская СОШ,
148,МКОУ Каршлинская ООШ,
149,МКОУ Кассагумахинская СОШ,
150,МКОУ Кулинская ООШ,
151,МКОУ Куркебимахинская ООШ,
152,МКОУ Куркинская ООШ,YES
153,МКОУ Курьимахинская СОШ,YES
154,МКОУ Мугинская гимназия,YES
155,МКОУ Мугинский многопрофильный лицей им. Абдуллаева С.М. ,YES
156,МКОУ Нахкинская ООШ,
157,МКОУ Семгамахинская СОШ,
158,МКОУ Тантынская СОШ,
159,МКОУ Тебекмахинская СОШ,
160,МКОУ Тузламахинская СОШ,YES
161,МКОУ Узнимахинская СОШ,
162,МКОУ Уллучаринская ООШ,
163,МКОУ Урганинская СОШ,
164,МКОУ Ургубамахинская СОШ,
165,МКОУ Урхучимахинская СОШ,
166,МКОУ Усишинская СОШ №2,YES
167,МКОУ Усишинская СОШ №3,
168,МКОУ Усишинский многопрофильный лицей,YES
169,МКОУ Цугнинская СОШ,
170,МКОУ Цуликанинская ООШ,YES
171,МКОУ Цунимахинская ООШ,
172,МКОУ Чинимахинская ООШ,YES
173,МКОУ Шинкбалакадинская ООШ,YES
174,МКОУ Шуктынская СОШ,
175,МОУ Буккамахинская НОШ,
176,МОУ Гиягирамахинская НОШ,
177,МОУ Гумрамахинская НОШ,
178,МОУ Кертукмахинская НОШ,
179,МОУ Кулиямахинская НОШ,
180,МОУ Н.Кавкамахинская НОШ,
181,МОУ Нацинская НОШ,
182,МОУ Уржагимахинская НОШ,
183,МОУ Уцулимахинская НОШ,
184,МОУ Цундимахинская НОШ,
185,МОУ Чиамахинская НОШ,
186,МОУ Чурчумамахинская НОШ,
187,  Ахвахский район,
188,МБОУ АНЧИКСКАЯ СОШ,YES
189,МБОУ ВЕРХНЕИНХЕЛИНСКАЯ ООШ,YES
190,МБОУ ИЗАНИНСКАЯ СОШ,YES
191,МБОУ ИНГЕРДАХСКАЯ СОШ,YES
192,МБОУ КАРАТИНСКАЯ ОБЩЕОБРАЗОВАТЕЛЬНАЯ ГИМНАЗИЯ,YES
193,МБОУ КАРАТИНСКАЯ СОШ,YES
194,МБОУ КУДИЯБРОСИНСКАЯ СОШ,YES
195,МБОУ ЛОЛОГОНИТЛИНСКАЯ СОШ,YES
196,МБОУ МЕСТЕРУХСКАЯ СОШ,YES
197,МБОУ ТАД-МАГИТЛИНСКАЯ СОШ,YES
198,МБОУ ТЛИБИШИНСКАЯ СОШ,YES
199,МБОУ ТУКИТИНСКАЯ СОШ,YES
200,МБОУ ЦОЛОДИНСКАЯ СОШ,YES
201,МКОУ АРЧИНСКАЯ НОШ,
202,МКОУ МАШТАДИНСКАЯ НОШ,
203,МКОУ РАЦИТЛИНСКАЯ НОШ,
204,МКОУ ТЛИСИНСКАЯ НОШ,
205,  Ахтынский район,
206,МКОУ Ахтынская ООШ,YES
207,МКОУ Ахтынская СОШ №1,YES
208,МКОУ Ахтынская СОШ №2 им В.Эмирова,YES
209,МКОУ Гогазская СОШ,YES
210,МКОУ Джабинская СОШ им. М. Д. Курбанова,YES
211,МКОУ Зрыхская СОШ,YES
212,МКОУ Какинская СОШ,YES
213,МКОУ Калукская СОШ,YES
214,МКОУ Курукальская СОШ,YES
215,МКОУ Луткунская СОШ,YES
216,МКОУ Ново-Усурская СОШ,YES
217,МКОУ Смугульская СОШ,YES
218,МКОУ Фийская СОШ,YES
219,МКОУ Хрюгская СОШ,YES
220,МКОУ Хновская СОШ Ахтынского района,YES
221,МКОУ Гдымская ООШ,YES
222,МКОУ НОШ при в/ч 2350,
223,МКОУ Хкемская ООШ,YES
224,МКОУЯлакская ООШ им. И.М.Исабекова,
225,  Бабаюртовский район,
226,МКОУ Адильянгиюртовская СОШ,YES
227,МКОУ Бабаюртовская СОШ № 2 им. Б.Т. Сатыбалова,YES
228,МКОУ Бабаюртовская СОШ №1,
229,МКОУ Бабаюртовская СОШ №3 им.З.А.Мартункаева,YES
230,МКОУ Геметюбинская СОШ,YES
231,МКОУ Герменчикская СОШ,YES
232,МКОУ Львовская СОШ,YES
233,МКОУ Люксембургский агротехнологический лицей,YES
234,МКОУ Мужукайский агротехнологический лицей,YES
235,МКОУ Новокаринская СОШ,YES
236,МКОУ Новокосинская СОШ им.Х.Исмаилова,YES
237,МКОУ Советская СОШ,YES
238,МКОУ Тамазатюбинская СОШ,YES
239,МКОУ Туршунайская СОШ,YES
240,МКОУ Тюпкутанская СОШ,YES
241,МКОУ Уцмиюртовская СОШ,YES
242,МКОУ Хамаматюртовская СОШ №1 им. Бекишева Р.Я.,YES
243,МКОУ Хамаматюртовская СОШ№2 им.З.Х. Хизриева,
244,МКОУ Прогимназия Орленок,
245,МКОУ Хасанайская СОШ,YES
246,МКОУТатаюртовская СОШ,
247,  Бежтинский участок,
248,МКОУ Балакуринская СОШ,YES
249,МКОУ Бежтинская СОШ,YES
250,МКОУ Гарбутлинская СОШ,
251,МКОУ Гунзибская ООШ,
252,МКОУ Нахада СОШ,
253,МКОУ Тлядальская СОШ,
254,МКОУ Хашархотинская СОШ,
255,  Ботлихский район,
256,МКОУ Алакский лицей,YES
257,МКОУ Зибирхалинская НОШ,
258,МКОУ Шодродинская СОШ,YES
259,МКОУ Андийская СОШ №1,YES
260,МКОУ Андийская СОШ №2,YES
261,МКОУ Ансалтинская СОШ,YES
262,МКОУ Ашалинская ООШ,YES
263,МКОУ Белединская НОШ,
264,МКОУ Ботлихская СОШ №1,YES
265,МКОУ Ботлихская СОШ №2,YES
266,МКОУ Ботлихская СОШ №3,
267,МКОУ Верхне-Алакская НОШ,
268,МКОУ Гагатлинская СОШ,YES
269,МКОУ Годоберинская СОШ,YES
270,МКОУ Гунховская НОШ,
271,МКОУ Зиловская СОШ,YES
272,МКОУ Кванхидатлинская ООШ,YES
273,МКОУ Кижанинская ООШ,YES
274,МКОУ Миарсинская СОШ,YES
275,МКОУ Мунинская СОШ,YES
276,МКОУ Нижне-Алакская НОШ,
277,МКОУ Нижне-Инхеловская ООШ ,YES
278,МКОУ Ортаколинская СОШ,YES
279,МКОУ Рахатинская СОШ,YES
280,МКОУ Рикванинская СОШ,YES
281,МКОУ Тандовская СОШ,YES
282,МКОУ Тасутинская ООШ,YES
283,МКОУ Тлохская СОШ,YES
284,МКОУ Хелетуринская СОШ ,YES
285,МКОУ Чанковская СОШ,YES
286,МКОУ Шивортинская НОШ,
287,  Буйнакский район,
288,МБОУ Атланаульская гимназия,YES
289,МБОУ Бугленская СОШ,
290,МБОУ В-Дженгутайская СОШ,
291,МБОУ В-Казанищенская СОШ № 1,YES
292,МБОУ Кадарская СОШ,YES
293,МБОУ Карамахинская СОШ,YES
294,МБОУ Кафыр-Кумухская СОШ,
295,МБОУ Н-Дженгутаевская СОШ,
296,МБОУ Нижнеказанищенская СОШ № 2,YES
297,МБОУ Нижнеказанищенская СОШ № 3,YES
298,МБОУ Нижнеказанищенский многопрофильный лицей,YES
299,МБОУ СОШ № 5 с. Нижнее Казанище,YES
300,МБОУ Халимбекаульская СОШ,YES
301,МБОУ Чиркейская гимназия,YES
302,МБОУ Чиркейский образовательный центр,YES
303,МБОУ Эрпелинская СОШ,YES
304,МКОУ Агачкалинская СОШ,YES
305,МКОУ Акайталинская СОШ,YES
306,МКОУ Апшинская СОШ,YES
307,МКОУ Арахкентская СОШ,YES
308,МКОУ Аркасская ООШ,YES
309,МКОУ В-Казанищенская СОШ № 2,YES
310,МКОУ В-Каранайская СОШ,YES
311,МКОУ Ванашинская ООШ,YES
312,МКОУ Дурангинская СОШ,YES
313,МКОУ Ишкартынская СОШ,YES
314,МКОУ Кадарская ООШ,YES
315,МКОУ Карамахинская ООШ,YES
316,МКОУ Манасаульская СОШ,YES
317,МКОУ Н-Каранайская ООШ,YES
318,МКОУ Нижнеказанищенская СОШ № 4,YES
319,МКОУ Такалайская СОШ,YES
320,МКОУ Халимбекаульская НОШ,
321,МКОУ Чабанмахинская СОШ,YES
322,МКОУ Чанкурбенская СОШ,YES
323,МКОУ Экибулакская ООШ,YES
324,  г. Буйнакск,
325,МБОУ СОШ № 4,YES
326,МБОУ СОШ № 9,YES
327,МБОУ СОШ №2,YES
328,МКОУ Гимназия,YES
329,МКОУ СОШ №10,YES
330,МКОУ СОШ №11,YES
331,МКОУ СОШ №3,YES
332,МКОУ СОШ №5,YES
333,МКОУ СОШ №6,YES
334,МКОУ СОШ №7,YES
335,МКОУ СОШ №8,YES
336,  г. Дагестанские Огни,
337,МБОУ СОШ № 1,YES
338,МБОУ СОШ № 2,YES
339,МБОУ СОШ № 3,YES
340,МБОУ СОШ № 4,YES
341,МБОУ СОШ № 5,YES
342,МБОУ СОШ № 6,YES
343,МБОУ СОШ № 7,YES
344,МБОУ СОШ № 8,YES
345,  г. Дербент,
346,МБОУ Гимназия Культуры мира №18,YES
347,МБОУ Гимназия №1,YES
348,МБОУ Гимназия №2,YES
349,МБОУ Гимназия №3,YES
350,МБОУ Дербентский кадетский,
351,МБОУ Прогимназия Президент,
352,МБОУ Прогимназия № 18,
353,МБОУ Прогимназия №15,
354,МБОУ СОШ №1,YES
355,МБОУ СОШ №11,YES
356,МБОУ СОШ №12,YES
357,МБОУ СОШ №13,YES
358,МБОУ СОШ №14,YES
359,МБОУ СОШ №15,YES
360,МБОУ СОШ №16,
361,МБОУ СОШ №17,YES
362,МБОУ СОШ №19,YES
363,МБОУ СОШ №20,YES
364,МБОУ СОШ №21,YES
365,МБОУ СОШ №3,YES
366,МБОУ СОШ №4,YES
367,МБОУ СОШ №6,YES
368,МБОУ СОШ №8,YES
369,МБОУ СОШ №9,YES
370,МКОУ Спец. (коррекц.). Шк.-интер. №7,
371,  г. Избербаш,
372,МКОУ СОШ№1,
373,МКОУ СОШ№2,
374,МКОУ Избербаш.шк.–интер. III-IV в.,
375,МКОУ СОШ №10,YES
376,МКОУ СОШ №12,YES
377,МКОУ СОШ №3 ,YES
378,МКОУ СОШ №8,YES
379,МКОУ СОШ№11,
380,  г. Каспийск,
381,МБОУ Каспийская гимназия№11,YES
382,МБОУ СОШ№12,
383,МБОУ СОШ№13,
384,МБОУ Каспийская гимназия,YES
385,МБОУ Каспийский лицей №8,YES
386,МБОУ КМШИ,YES
387,МБОУ СОШ №1,YES
388,МБОУ СОШ №2,YES
389,МБОУ СОШ №4,YES
390,МБОУ СОШ №5,YES
391,МБОУ СОШ №9,YES
392,МБОУ СОШ№6,
393,МБОУ СОШ №3,YES
394,МОКУ С(К)ОШ № 10 (VIII вида),YES
395,  г. Кизилюрт,
396,МКОУ Гимназия №5 им. А.А. Алиева,YES
397,МКОУ Гимназия №1,YES
398,МКОУ СОШ №2,YES
399,МКОУ СОШ №3,YES
400,МКОУ СОШ №4,YES
401,МКОУ СОШ №7,YES
402,МКОУ СОШ №8,YES
403,МКОУ СОШ №9,YES
404,  г. Кизляр,
405,МКОУ ПРОГИМНАЗИЯ ЛАСТОЧКА,
406,МКОУ КГ № 1,
407,МКОУ КГ №6,
408,МКОУ МПЛ № 2,
409,МКОУ СОШ № 3,YES
410,МКОУ СОШ № 5,YES
411,МКОУ СОШ №11,YES
412,МКОУ СОШ №4,YES
413,МКОУ СОШ №7,YES
414,МКОУ СОШ №9,YES
415,  г. Махачкала,
416,МБОУ Гимназия №1,YES
417,МБОУ СОШ №2,YES
418,МБОУ Многопроф. лицей №3,YES
419,МБОУ Гимназия №4,YES
420,МБОУ Многопроф. Лицей №5,YES
421,МБОУ СОШ №6,YES
422,МБОУ Гимназия №7,YES
423,МБОУ Лицей №8,YES
424,МБОУ Многопроф. лицей №9,YES
425,МБОУ СОШ №10,YES
426,МБОУ Гимназия №11,YES
427,МБОУ СОШ №12,YES
428,МБОУ Многопроф. гимназ. №13,
429,МБОУ СОШ №14,YES
430,МБОУ СОШ №15,YES
431,МБОУ СОШ №16,
432,МБОУ Гимназия №17,YES
433,МБОУ СОШ №18,
434,МБОУ СОШ №19,YES
435,МБОУ СОШ №20,YES
436,МБОУ СОШ №21,YES
437,МБОУ Лицей №22,YES
438,МБОУ ООШ №23,
439,МБОУ СОШ №24,YES
440,МБОУ СОШ №25,YES
441,МБОУ СОШ №26,YES
442,МБОУ СОШ №27,YES
443,МБОУ Гимназия №28,YES
444,МБОУ СОШ №29,YES
445,МБОУ Многопроф. лицей №30,YES
446,МБОУ СОШ №31,
447,МБОУ СОШ №32,
448,МБОУ Гимназия №33,YES
449,МБОУ СОШ №34,
450,МБОУ Гимназия №35,YES
451,МБОУ СОШ №36,
452,МБОУ Гимназия №37,YES
453,МБОУ Многопроф. гимназия №38,YES
454,МБОУ Многопроф. лицей №39,YES
455,МБОУ СОШ №40,
456,МБОУ СОШ №41,YES
457,МБОУ СОШ №42,
458,МБОУ СОШ №43,
459,МБОУ СОШ №44,
460,МБОУ СОШ №45,
461,МБОУ СОШ №46,
462,МБОУ СОШ №47,
463,МБОУ СОШ №48,
464,МБОУ СОШ №49,
465,МБОУ СОШ №50,YES
466,МБОУ Лицей №51,YES
467,МБОУ Лицей №52,YES
468,МБОУ СОШ №53,
469,МБОУ СОШ №55,
470,МБОУ Многопроф. гимназия №56,YES
471,МБОУ СОШ №58,
472,МБОУ СОШ №59,YES
473,МБОУ СОШ №60,
474,МБОУ СОШ №61,YES
475,МБОУ Гимназия Перспектива,YES
476,МКОУ 1-й ДКК им.Трошева Г.Н.,
477,МКОУ Шк.-инт. для детей-сирот,
478,МБОУ Прог. №27 Академия детства,
479,МБОУ Прогимназия №52 Гюняш,
480,МБОУ Прогимназия №66 Мечта,
481,МБОУ Прогимназия Месед №68,
482,МБОУ Прогимназия №71,
483,МБОУ Прогимназия №78 Аист,
484,МКСОУ I в. спец.(коррекц.) . шк.,
485,МКСОУ II в. спец.(коррекц.). шк.,
486,МКСОУ IV в. спец.(коррекц.) . шк.,
487,  г. Хасавюрт,
488,МКОУ Гимназия № 1,YES
489,МКОУ Гимназия № 2 им.А.Сайтиева,YES
490,МКОУ Гимназия № 3,YES
491,МКОУ Гимназия им.М.Горького,YES
492,МКОУ Прогимназия № 10 Сказка,
493,МКОУ Прогимназия № 6 Ивушка,
494,МКОУ Прогимназия № 9 Ручеёк,
495,МКОУ СОШ № 10 им. А.Исмаилова,YES
496,МКОУ СОШ № 11,YES
497,МКОУ СОШ № 12 им. Л.Толстого,YES
498,МКОУ СОШ № 14,YES
499,МКОУ СОШ № 15,YES
500,МКОУ СОШ № 16,YES
501,МКОУ СОШ № 17,YES
502,МКОУ СОШ № 19,YES
503,МКОУ СОШ № 2,YES
504,МКОУ СОШ № 3 им.С.Джанхуватова,YES
505,МКОУ СОШ № 4,YES
506,МКОУ СОШ № 5,YES
507,МКОУ СОШ № 7 им. А. Алибекова,YES
508,МКОУ СОШ № 8,YES
509,МКОУ СОШ № 9,YES
510,МКОУ ХМЛ им. А. Абукова,YES
511,  г. Южносухокумск,
512,МКОУ СОШ №1 ,YES
513,МКОУ СОШ №2 ,YES
514,МКОУ СОШ №3,YES
515,МКОУ СОШ №4 ,YES
516,  Гергебильский район,
517,МКОУ Гергебильская СОШ №1,
518,МКОУ Гергебильская СОШ №2,YES
519,МКОУ Кикунинская СОШ,YES
520,МКОУ Кудутлинская СОШ,YES
521,МКОУ Могохская СОШ,YES
522,МКОУ Аймакинская СОШ им.Шамиля Л.З.,YES
523,МКОУ Маалинская СОШ,YES
524,МКОУ Мурадинская СОШ,YES
525,МКОУ Хвартикунинская СОШ,YES
526,МКОУ Чалдинская СОШ,YES
527,  Гумбетовский район,
528,МКОУ Арадирихская СОШ,YES
529,МКОУ Аргванинская СОШ,YES
530,МКОУ Верхнеарадерихская НОШ,
531,МКОУ Верхнеинховская СОШ,YES
532,МКОУ Данухская СОШ,YES
533,МКОУ Игалинская СОШ,YES
534,МКОУ Ингишинская СОШ,YES
535,МКОУ Ичичалинская НОШ,
536,МКОУ Килятлинская СОШ,YES
537,МКОУ Кунзахская ООШ,YES
538,МКОУ Мехельтинская ООШ,YES
539,МКОУ Мехельтинская СОШ,YES
540,МКОУ Нижне-Инховская СОШ,YES
541,МКОУ Ново-Аргванинская СОШ,YES
542,МКОУ Тантаринская НОШ,
543,МКОУ Тляратинская СОШ,YES
544,МКОУ Цанатлинская ООШ,YES
545,МКОУ Цилитлинская СОШ,YES
546,МКОУ Чиркатинская СОШ,YES
547,МКОУ Читлинская ООШ,YES
548,МКОУ Шабдухская НОШ,
549,  Гунибский район,
550,МБОУ Гунибская СОШ,YES
551,МКОУ Агадинская СОШ,YES
552,МКОУ Бацадинская СОШ,YES
553,МКОУ Бухтынская СОШ,YES
554,МКОУ Гонодинская СОШ,YES
555,МКОУ Карадахская СОШ,YES
556,МКОУ Кегерская СОШ,YES
557,МКОУ Кородинская СОШ,YES
558,МКОУ Кудалинская СОШ,YES
559,МКОУ Мегебская СОШ,YES
560,МКОУ Н.Кегерская СОШ им. И. Ибрагимова,YES
561,МКОУ Наказухская НОШ,
562,МКОУ Обохская СОШ,YES
563,МКОУ Ругуджинская СОШ,YES
564,МКОУ Салтынская СОШ,YES
565,МКОУ Сильтинская НОШ,
566,МКОУ Согратлинская гимназия имени М. Махатилова,YES
567,МКОУ Тлогобская СОШ,YES
568,МКОУ Унтынская ООШ,YES
569,МКОУ Уралинская СОШ,YES
570,МКОУ Хиндахская СОШ,YES
571,МКОУ Хоточинская СОШ,YES
572,МКОУ Хутнибская СОШ ,YES
573,МКОУ Чох-Коммунская СОШ,YES
574,МКОУ Чохская СОШ,YES
575,МКОУ Шангодинская СОШ,YES
576,МКОУ Шуланинская СОШ,YES
577,филиал Гунибской СОШ,
578,  Дахадаевский район,
579,МБОУ Аштынская СОШ,
580,МБОУ Бакнинская ООШ,YES
581,МБОУ Бускринская СОШ,YES
582,МБОУ Гаджи-кутанская ООШ,YES
583,МБОУ Гуладтынская СОШ,YES
584,МБОУ Гунакаринская ООШ,YES
585,МБОУ Дзилебкинская ООШ,YES
586,МБОУ Дибгаликская СОШ имени Нурбагандова М.Н.,YES
587,МБОУ Дибгашинская СОШ,
588,МБОУ Дирбагская ООШ,YES
589,МБОУ Дуакарская СОШ,
590,МБОУ Зильбачинская СОШ,YES
591,МБОУ Зубанчинская СОШ,
592,МБОУ Иван-кутанская ООШ,YES
593,МБОУ Ирагинская СОШ,
594,МБОУ Иракинская ООШ,YES
595,МБОУ Калкнинская СОШ,
596,МБОУ Карбачимахинская СОШ,YES
597,МБОУ Кищинская МПГ,
598,МБОУ Кищинская СОШ,
599,МБОУ Кубачинская НОШ-ДС,
600,МБОУ Кубачинская СОШ,YES
601,МБОУ Кудагинская СОШ,YES
602,МБОУ Кункинская СОШ,YES
603,МБОУ Куркинская ООШ,YES
604,МБОУ Меусишинская начальная школа-детский сад,
605,МБОУ Меусишинская СОШ им. Абдурахманова Ш.Р,YES
606,МБОУ Мирзидтынская ООШ,YES
607,МБОУ Морская СОШ,YES
608,МБОУ Новоуркарахская СОШ,YES
609,МБОУ РТС-аульская ООШ,YES
610,МБОУ Сутбукская СОШ,YES
611,МБОУ Трисанчинская СОШ,
612,МБОУ Урагинская СОШ,YES
613,МБОУ Ураринская СОШ,
614,МБОУ Уркарахская МГ им.А.Абубакара,YES
615,МБОУ Уркарахская НШ-детский сад имени Рамазанова Р.С.,
616,МБОУ Уркарахский МПЛ им. Алисултанова М.Г.,
617,МБОУ Урхнищинская СОШ,
618,МБОУ Урцакинская ООШ,YES
619,МБОУ Харбукская СОШ,YES
620,МБОУ Худуцкая ООШ,
621,МБОУ Хуршнинская СОШ,YES
622,МБОУ Цизгаринская ООШ,YES
623,МБОУ Цураинская ООШ,YES
624,МБОУ Чишилинская СОШ им. Амирарсланова Д.М.,YES
625,МБОУ Шаднинская ООШ,YES
626,МБОУ Шаласинская СОШ,
627,МКОУ Джурмачинская ООШ,YES
628,МКОУ Муркарахская НОШ,
629,МКОУ Сурсбукская НОШ,
630,  Дербентский район,
631,МБОУ Гимназия п. Белиджи,YES
632,МБОУ СОШ №1 п. Белиджи,
633,МБОУ СОШ №2 п. Белиджи,YES
634,МБОУ СОШ №3 п.Белиджи ,
635,МБОУ СОШ №4 п.Белиджи,YES
636,МБОУ Гимназия  Мамедкала,YES
637,МБОУ СОШ №2 п.  Мамедкала,YES
638,МБОУ СОШ № 3  п.  Мамедкала,YES
639,МБОУ СОШ с.Куллар,
640,МБОУ СОШ с.Нюгди,
641,МБОУ СОШ №1 с. Белиджи,
642,МБОУ СОШ №2 с.Белиджи,YES
643,МБОУ СОШ с.Аглоби,
644,МБОУ СОШ с.Музаим,
645,МБОУ СОШ с.Рубас,
646,МКОУ СОШ с.Араблинка,
647,МБОУ СОШ с.Н.Джалган,
648,МБОУ СОШ с.В. Джалган,
649,МБОУ СОШ с.Мугарты,
650,МБОУ СОШ с.Рукель,
651,МБОУ СОШ с.Дюзляр,
652,МБОУ СОШ с.Хазар,
653,МБОУ СОШ с.Сабнова,
654,МБОУ СОШ с.М.Казмаляр,
655,МБОУ СОШ с.Зидьян,
656,МБОУ СОШ №1 с.Чинар,
657,МБОУ СОШ №2 с.Чинар,YES
658,МБОУ СОШ с.Геджух,
659,МБОУ СОШ с.Мичурино,
660,МБОУ СОШ с.Кала,
661,МБОУ СОШ с.Салик,
662,МБОУ СОШ с.Великент,
663,МБОУ СОШ с.Деличобан,
664,МБОУ СОШ с.Падар,
665,МБОУ СОШ с.Берикей,
666,МБОУ СОШ с.Татляр,
667,МБОУ СОШ с.Джемикент,
668,МБОУ СОШ с.Уллутеркеме,
669,МБОУ ООШ с.Бильгади ,
670,МБОУ ООШ п.Белиджи,
671,МБОУ ООШ с.Митаги ,
672,ООШ им.Г.Давыдовой ,
673,МБОУ ООШ с.Н.Рукель ,
674,МБОУ ООШ с.Великент ,
675,МБОУ НШ – сад с.Н.Джалган  ,
676,МБОУ НШ с.Сегеляр ,
677,МБОУ НШ с.Джемикент,
678,МКОУ Начальная школа села Юный Пахарь,
679,  Докузпаринский район,
680,МКОУ Аваданская СОШ,YES
681,МКОУ Демиркентская НОШ,
682,МКОУ Каладжухская СОШ,YES
683,МКОУ Каракюринская СОШ,YES
684,МКОУ Курушская СОШ,YES
685,МКОУ Микрахказмалярская СОШ,YES
686,МКОУ Микрахская СОШ,YES
687,МКОУ Мискинджинская СОШ,YES
688,МКОУ Новокаракюринская СОШ,YES
689,МКОУ Текипиркентская ООШ,YES
690,МКОУ Усухчайская СОШ,YES
691,  Казбековский район,
692,МКОУ Алмакская СОШ,
693,МКОУ Буртунайская СОШ,YES
694,МКОУ Гертминская СОШ ,YES
695,МКОУ Инчхинская СОШ,
696,МКОУ Калининаульская НОШ,
697,МКОУ Калининаульская СОШ,YES
698,МКОУ Ленинаульская СОШ №1,YES
699,МКОУ Ленинаульская сош №2,YES
700,МКОУ Хубарская СОШ,YES
701,МКОУ Дубкинская СОШ,YES
702,МКОУ Артлухская ООШ,
703,МКОУ Госталинская ООШ,
704,МКОУ Гимназия Культуры Мира,YES
705,МКОУ Дылымский МЛ им.И.Гаджиева,
706,МКОУ Дылымская гимназия,YES
707,  Кайтагский район,
708,МКОО Ахмедкентская СОШ,
709,МКОО Шилягинская СОШ,YES
710,МКОУ  Маджалисская СОШ №-1,YES
711,МКОУ  Маджалисская СОШ имени Темирханова Э.Д.,YES
712,МКОУ Адагинская НОШ,
713,МКОУ Баршамайская СОШ им.Качмасова А.Р.,YES
714,МКОУ Варситская СОШ,YES
715,МКОУ Газиянская ООШ,YES
716,МКОУ Гулдынская ООШ,YES
717,МКОУ Гуллинская СОШ,YES
718,МКОУ Дакнисинская НОШ,
719,МКОУ Джавгатская НОШ,
720,МКОУ Джавгатская СОШ,YES
721,МКОУ Джибахнинская СОШ,YES
722,МКОУ Джинабинская СОШ,YES
723,МКОУ Джирабачинская СОШ,YES
724,МКОУ Дурегинская НОШ,
725,МКОУ Карацанская СОШ,YES
726,МКОУ Карталайская НОШ,
727,МКОУ Киркинская НОШ ,
728,МКОУ Кулегинская НОШ,
729,МКОУ Кулиджинская ООШ,YES
730,МКОУ Лищинская ООШ,YES
731,МКОУ Маджалисская МСОШ-интернат,
732,МКОУ Маллакентская ООШ,YES
733,МКОУ Машатдинская ООШ,YES
734,МКОУ Мижиглинская ООШ,YES
735,МКОУ Ново-Баршинская ООШ ,YES
736,МКОУ Родниковая СОШ,YES
737,МКОУ Санчинская СОШ ,YES
738,МКОУ Сурхачинская СОШ,
739,МКОУ Хадагинская ООШ,YES
740,МКОУ Хунгиянская ООШ,YES
741,МКОУ Чумлинская СОШ,YES
742,МКОУ Шурагатская НОШ,
743,МКОУ Янгикентская СОШ,YES
744,  Карабудахкнтский район,
745,МБОУ  Агачаульская СОШ ,YES
746,МБОУ  Аданакская СОШ ,YES
747,МБОУ  Ачинская СОШ №1,YES
748,МБОУ  Ачисинская СОШ №2,YES
749,МБОУ  Гелинская СОШ им. Загирова Х.А,YES
750,МБОУ  Гимназия ,YES
751,МБОУ  Губденская СОШ ,
752,МБОУ  Гурбукинская СОШ №1,YES
753,МБОУ  Гурбукинская СОШ №2 им Багандалиева М.Б,YES
754,МБОУ  Джангинская СОШ ,
755,МБОУ  Доргелинская СОШ №2,YES
756,МБОУ  Зеленоморская СОШ ,YES
757,МБОУ  Какамахинская СОШ ,YES
758,МБОУ  Какашуринская СОШ №1,
759,МБОУ  Какашуринская СОШ №2,YES
760,МБОУ  Карабудахкентская СОШ №2 ,YES
761,МБОУ  Карабудахкентская СОШ №3 ,
762,МБОУ  КСОШ №1 ИМ. г.м. АБДУЛЛАЕВА ,YES
763,МБОУ  Ленинкентская СОШ ,YES
764,МБОУ  Манаскентская СОШ ,YES
765,МБОУ  Манасская СОШ ,YES
766,МБОУ  Параульская СОШ №1 им Бейбулатова Г.Т,
767,МБОУ  Параульская СОШ №2 им Насрутдинова ИН,YES
768,МБОУ  Параульская СОШ №3,
769,МБОУ  Сирагинская СОШ,YES
770,МБОУ  Уллубийаульская СОШ,YES
771,МБОУ Доргелинская СОШ №1,
772,МКОУ  Карабудахкентская СОШ №5,
773,  Каякентский район,
774,МБОУ Нововикринская СОШ,YES
775,МКОУ Башлыкентская СОШ,YES
776,МКОУ Гергинская СОШ,YES
777,МКОУ Дружбинская СОШ,YES
778,МКОУ Каранайаульская СОШ,YES
779,МКОУ Каякентская СОШ №1,YES
780,МКОУ Каякентская СОШ №2 им.Арсланалиева Х.Ш.,YES
781,МКОУ Новокаякентская СОШ,YES
782,МКОУ Первомайская гимназия им.С.Багамаева,YES
783,МКОУ Утамышская СОШ,YES
784,МКОУ Алходжакентская СОШ,YES
785,МКОУ Дейбукская ООШ,YES
786,МКОУ Джаванкентская СОШ,YES
787,МКОУ Капкайкентская СОШ им.Б.А.Магомедова,YES
788,МКОУ Каякентская СОШ №3,
789,МКОУ Новокаякентская начальная школа- детский сад №1,
790,МКОУ Первомайская СОШ №1,YES
791,МКОУ Сагасидейбукская СОШ,YES
792,МКОУ Усемикентская СОШ,YES
793,МКУ Инчхенская НОШ,
794,  Кизилюртовский район,
795,МКОУ Акнадинская СОШ,YES
796,МКОУ Гадаринская СОШ,YES
797,МКОУ Гельбахская СОШ,YES
798,МКОУ Зубутли-Миатлинская СОШ,YES
799,МКОУ Кироваульская СОШ,YES
800,МКОУ Кульзебская СОШ,YES
801,МКОУ Комсомольская СОШ,YES
802,МКОУ Мацеевская СОШ,YES
803,МКОУ Миатлинская СОШ,YES
804,МКОУ Нечаевская СОШ №1,YES
805,МКОУ Нечаевская СОШ №2,YES
806,МКОУ Нижничирюртовская СОШ,
807,МКОУ Новозубутлинская СОШ ,YES
808,МКОУ Новочиркейская СОШ №1,YES
809,МКОУНовочиркейская сош №2,YES
810,МКОУ Стальская гимназия,YES
811,МКОУ Стальская СОШ №2   ,YES
812,МКОУ Стальская СОШ №3,
813,МКОУ Султанянгиюртовская СОШ №1,YES
814,МКОУ Султанянгиюртовская СОШ №2,YES
815,МКОУЧонтаульская СОШ№1,
816,МКОУЧонтаульская СОШ№2,
817,МКОУШушановская СОШ,YES
818,  Кизлярский район,
819,МКОУ  ШаумяновскаяООШ,
820,МКОУ Аверьяновская СОШ,YES
821,МКОУ Александрийская СОШ,YES
822,МКОУ Большебредихинская СОШ,YES
823,МКОУ Большезадоевская СОШ,YES
824,МКОУ Бондареновская ООШ,YES
825,МКОУ Брянская СОШ,YES
826,МКОУ Впередовская СОШ,YES
827,МКОУ Вышеталовская СОШ,YES
828,МКОУ Ефимовская ООШ,YES
829,МКОУ Зареченская СОШ,YES
830,МКОУ Кардоновская СОШ,YES
831,МКОУ Карломарксовская СОШ,YES
832,МКОУ Косякинская СОШ,YES
833,МКОУ Крайновская СОШ,YES
834,МКОУ Красновосходская СОШ,YES
835,МКОУ Краснооктябрьская СОШ им.Р.Гамзатова,
836,МКОУ Малоарешевская СОШ,YES
837,МКОУ Малокозыревская ООШ,YES
838,МКОУ Михеевская СОШ,YES
839,МКОУ Некрасовская СОШ,YES
840,МКОУ Новобирюзякская СОШ,YES
841,МКОУ Нововладимировская СОШ,YES
842,МКОУ Новогладовская ООШ,YES
843,МКОУ Новокрестьяновская СОШ,YES
844,МКОУ Новосеребряковская СОШ,YES
845,МКОУ Огузерская СОШ,YES
846,МКОУ Первомайская СОШ,YES
847,МКОУ Победовская СОШ,YES
848,МКОУ Рыбалкинская СОШ,YES
849,МКОУ Сангишинская ООШ,YES
850,МКОУ Сар-Сарская СОШ,YES
851,МКОУ Совхозная СОШ,YES
852,МКОУ Старосеребряковская СОШ,YES
853,МКОУ Степновская ООШ,YES
854,МКОУ Тушиловская ООШ,YES
855,МКОУ Хуцеевская СОШ,YES
856,МКОУ Цветковская гинназия,
857,МКОУ Черняевская СОШ,YES
858,МКОУ Яснополянская СОШ,YES
859,МКОУ Новомонастырская СОШ,YES
860,МКОУ Совхозная СОШ №6,YES
861,МКОУБольшеарешевская СОШ,YES
862,  Кулинский район,
863,МКОУ 1-Цовкринская ООШ,YES
864,МКОУ 2-Цовкринская СОШ им. Магарамова В.М.,YES
865,МКОУ Вачинская СОШ,YES
866,МКОУ Вихлинская СОШ,YES
867,МКОУ Канинская ООШ им.Гаджимурадова М.Г.,YES
868,МКОУ Каялинская СОШ-сад,YES
869,МКОУ Кулинская СОШ №1 им Х.Р.Мурачуева,YES
870,МКОУ Сумбатлинская ООШ,YES
871,МКОУ Хайминская НОШ,YES
872,МКОУ Хайхинская ООШ-сад,
873,МКОУ Хосрехская СОШ,YES
874,МКОУ Цущарская ООШ,YES
875,МКОУ Цыйшинская СОШ,YES
876,МКОУКулинская СОШ №2 им.Даххаева Г.Р.,YES
877,  Кумторкалинский район,
878,МКОУКоркмаскалинскаия СОШ 1,YES
879,МКОУКоркмаскалинскаия СОШ 2,YES
880,МБОУТюбинская СОШ,YES
881,МКОУУчкентская СОШ,YES
882,МКОУТемиргоевская СОШ,YES
883,МКОУАлмалинская СОШ,YES
884,МКОУАджидадинскаяСОШ,
885,МКОУШ.Янгиюртовская СОШ,
886,МКОУДахадаевская ООШ,YES
887,  Курахский район,
888,МКОО Икринская СОСШ-интернат для одаренных детей,
889,МКОУ Ашарская СОШ,YES
890,МКОУ Гельхенская СОШ- детский сад,YES
891,МКОУ Икринская СОШ им. Э.Б. Салихова,YES
892,МКОУ Куквазская НОШ,YES
893,МКОУ Кучхюрская СОШ-детский сад,YES
894,МКОУ Моллакентская СОШ,YES
895,МКОУ Усугская СОШ,YES
896,МКОУ Хвереджская СОШ-детский сад,YES
897,МКОУ Хпюкская СОШ,YES
898,МКОУ Хюрехюрская СОШ,YES
899,МКОУ Шимихюрская СОШ-детский сад,YES
900,МКОУ Аладашская СОШ-детский сад,YES
901,МКОУ Араблярская СОШ,YES
902,МКОУ Ашакентская НОШ,
903,МКОУ Кабирская СОШ имени Омарова М.С.,YES
904,МКОУ Квардальская ООШ,
905,МКОУ Кумукская СОШ-детский сад,YES
906,МКОУ Курахская СОШ-детский сад № 1,
907,МКОУ Кутульская ООШ,YES
908,МКОУ Ругунская НОШ,
909,МКОУ Укузская НОШ,
910,МКОУ Урсунская НОШ,
911,МКОУ Хпеджская СОШ,YES
912,МКОУ Штульская НОШ,
913,МКОУ Штульская ООШ,YES
914,МКОУ Курахская СОШ №2,YES
915,  Лакский район,
916,МБОУ Кумухская COШ,
917,МКОУ Инишинская НОШ,
918,МКОУ Карашинская ООШ,
919,МКОУ Каринская ООШ,YES
920,МКОУ Кубинская СОШ,YES
921,МКОУ Куминская ООШ,YES
922,МКОУ Кундынская СОШ,YES
923,МКОУ Курклинская СОШ,YES
924,МКОУ Мукарская НОШ,
925,МКОУ Унчукатлинская СОШ,YES
926,МКОУ Уринская ООШ,YES
927,МКОУ Хулисминская ООШ,YES
928,МКОУ Хунинская ООШ,YES
929,МКОУ Хуринская ООШ,YES
930,МКОУ Хурхинская СОШ,YES
931,МКОУ Чуртахская ООШ,YES
932,МКОУ Шовкринская ООШ,YES
933,МКОУ Щаринская СОШ,YES
934,  Левашинский район,
935,МКОУ Айнакаб НОШ,
936,МКОУ Арада-Чуглинская СОШ,
937,МКОУ Аршинская СОШ,YES
938,МКОУ Ахкентская СОШ,YES
939,МКОУ Аялакаб СОШ,
940,МКОУ Буртанинская НОШ,
941,МКОУ Верхне-Лабкомахинская СОШ,YES
942,МКОУ Верхне-Убекинская ООШ,YES
943,МКОУ Джангамахинская СОШ,
944,МКОУ Дитуншимахинская ООШ,YES
945,МКОУ Зуримахинская ООШ,YES
946,МКОУ Какамахинская СОШ,YES
947,МКОУ Карекаданинская СОШ,YES
948,МКОУ Карлабкинская СОШ,YES
949,МКОУ Кулецминская СОШ,YES
950,МКОУ Кулибухна ООШ,
951,МКОУ Куппинская СОШ,YES
952,МКОУ Кутишинская СОШ,YES
953,МКОУ Левашинская гимназия,YES
954,МКОУ Левашинская СОШ № 2,YES
955,МКОУ Левашинская СОШ,YES
956,МКОУ Мекегинский лицей им.Г.М.Гамидова,YES
957,МКОУ Мусультемахинская СОШ,YES
958,МКОУ Наскентская СОШ,YES
959,МКОУ Нижне-Аршинская НОШ,
960,МКОУ Нижне-Лабкинская НОШ,
961,МКОУ Нижне-убекинская ООШ,YES
962,МКОУ Нижне-Чуглинская СОШ,YES
963,МКОУ Охлинская СОШ,YES
964,МКОУ Сулейбакентская СОШ,
965,МКОУ Тагзиркенстская ООШ,
966,МКОУ Ташкапурская СОШ,YES
967,МКОУ Тилагинская ООШ,YES
968,МКОУ Уллуаинская СОШ,YES
969,МКОУ Урминская ООШ,YES
970,МКОУ Урминская СОШ,YES
971,МКОУ Хаджалмахинская ООШ,YES
972,МКОУ Хаджалмахинская СОШ,YES
973,МКОУ Хахитинская СОШ,YES
974,МКОУ Цудахарская СОШ,YES
975,МКОУ Цухтамахинская СОШ,YES
976,МКОУ Чунинская СОШ,YES
977,МКОУ Эбдалая СОШ,
978,  Магарамкентский район,
979,МКОУ Азадоглынская СОШ,YES
980,МКОУ Билбильская СОШ им. М.Абдуллаева,YES
981,МКОУ Бут-Казмалярская СОШ,YES
982,МКОУ Гапцахская СОШ им. Т.Н.Нагиева,YES
983,МКОУ Гарахская ООШ,YES
984,МКОУ Гильярская СОШ,YES
985,МКОУ Джепельская ООШ,YES
986,МКОУ Капирказмалярская СОШ,YES
987,МКОУ Картасказмалярская СОШ,YES
988,МКОУ Киркинская СОШ им. Аликберова Г.А.,YES
989,МКОУ Кличханская ООШ,YES
990,МКОУ Куйсунская СОШ,YES
991,МКОУ Кчунказмалярская СОШ,YES
992,МКОУ Магарамкентская СОШ №1 им. М.Гаджиева,YES
993,МКОУ Магарамкентская СОШ №2,YES
994,МКОУ Макаказмалярская НОШ,
995,МКОУ Мугерганская СОШ им. А.Р.Рамалданова,YES
996,МКОУ Новоаульская СОШ им. Исмаилова Т.,YES
997,МКОУ Оружбинская СОШ,YES
998,МКОУ Приморская ООШ,YES
999,МКОУ Самурская СОШ,YES
1000,МКОУ Советская СОШ,YES
1001,МКОУ Тагиркент-казмалярская СОШ,YES
1002,МКОУ Тагиркентская ООШ,YES
1003,МКОУ Филялинская СОШ,YES
1004,МКОУ Ходжаказмалярская СОШ им. М.К.Казиева,YES
1005,МКОУ Хорельская СОШ,YES
1006,МКОУ Хутунказмалярская ООШ,
1007,МКОУ Целегюнская СОШ,YES
1008,МКОУ Чахчах-Казмалярская СОШ им. М.М.Мерзаметова,YES
1009,МКОУ Чахчахская НОШ,
1010,МКОУ Ярагказмалярская СОШ им. М.Ярагского,YES
1011,МКОУ Ярукваларская ООШ,YES
1012,  Новолакский район,
1013,МКОУ АХАРСКАЯ СОШ,YES
1014,МКОУ БАНАЙЮРТОВСКАЯ СОШ,YES
1015,МКОУ Барчхойотарская СОШ,
1016,МКОУ ГАМИЯХСКАЯ СОШ №1,YES
1017,МКОУ ГАМИЯХСКАЯ СОШ №2,YES
1018,МКОУ ГАМИЯХСКАЯ СОШ,YES
1019,МКОУ ДУЧИНСКАЯ СОШ №2,YES
1020,МКОУ НОВОКУЛИНСКАЯ СОШ №1,YES
1021,МКОУ НОВОКУЛИНСКАЯ СОШ №2,YES
1022,МКОУ НОВОЛАКСКАЯ ГИМНАЗИЯ имени Исаева Мутея,YES
1023,МКОУ НОВОЛАКСКАЯ СОШ №1,
1024,МКОУ НОВОМЕХЕЛЬТИНСКАЯ СОШ,YES
1025,МКОУ НОВОЧУРТАХСКАЯ СОШ №1,YES
1026,МКОУ НОВОЧУРТАХСКАЯ СОШ №2,YES
1027,МКОУ НОВОЧУРТАХСКАЯ СОШ НОВОЛАКСКОГО РАЙОНА РД ИМЕНИ Г.Г. АДАМОВА,YES
1028,МКОУ ТУХЧАРСКАЯ ООШ,YES
1029,МКОУ ТУХЧАРСКАЯ СОШ №1,YES
1030,МКОУ ТУХЧАРСКАЯ СОШ,YES
1031,МКОУ ЧАПАЕВСКАЯ СОШ №1,YES
1032,МКОУ ЧАПАЕВСКАЯ СОШ №2,YES
1033,МКОУ ЧАРАВАЛИНСКАЯ СОШ,YES
1034,МКОУ ШУШИНСКАЯ СОШ,YES
1035,МКОУ ЯМАНСУЙСКАЯ СОШ,YES
1036,  Ногайский район,
1037,МКОУ Карагасская СОШ им К.Ш.Кидирниязова,YES
1038,МКОУ Кунбатарская СОШ им.М.К.Курманалиева,YES
1039,МКОУ Ленинаульская СОШ,YES
1040,МКОУ Нариманская СОШ им.Асанова А.Б.,YES
1041,МКОУ Терекли-Мектебская СОШ им А.Ш.Джанибекова,YES
1042,МКОУ Уй-Салганская ООШ,YES
1043,МКОУ Червленно-Бурунская СОШ им.З.Акмурзаева,YES
1044,МКОУ Шумлеликская СОШ,YES
1045,МКОУБатыр-Мурзаевская СОШ,YES
1046,МКОУБоранчинская СОШ им.К.Б.Оразбаева,
1047,МКОУКалининаульская средняя общеобразовательная школа им.С.И.Капаева,
1048,МКОУКарасувская СОШ,YES
1049,МКОУКумлинская СОШ им.Д.М.Шихмурзаева,
1050,МКОУОртатюбинская СОШ,YES
1051,МКОУТерекли-Мектебская СОШ им.Кадрии,
1052,МКОУЭдигейская СОШ,YES
1053,  Рутульский район,
1054,МКОУ Амсарская СОШ,
1055,МКОУ Атдальская НОШ,
1056,МКОУ Верхне-Катрухская СОШ,
1057,МКОУ Гельмецская СОШ,
1058,МКОУ Дженыхская СОШ им. М. Р. Гусейнова,
1059,МКОУ Джилихурская СОШ,
1060,МКОУ Ихрекская ООШ,
1061,МКОУ Ихрекская СОШ,
1062,МКОУ Калинская СОШ,YES
1063,МКОУ Кининская СОШ,
1064,МКОУ Кичинская СОШ,
1065,МКОУ Курдульская ООШ,
1066,МКОУ Кусурская НОШ,
1067,МКОУ Куфинская СОШ,
1068,МКОУ Лучекская СОШ,
1069,МКОУ Микикская СОШ,
1070,МКОУ Мишлешская СОШ,
1071,МКОУ Муслахская СОШ,
1072,МКОУ Мухахская НОШ,
1073,МКОУ Мюхрекская НОШ,
1074,МКОУ Нижне-Катрухская СОШ,
1075,МКОУ Рутульская СОШ №1 им. И.Гусейнова,
1076,МКОУ Рутульская СОШ №2 им.А.М.Мирзоева,YES
1077,МКОУ Согютская НОШ,
1078,МКОУ Хлютская СОШ,
1079,МКОУ Цахурская СОШ,
1080,МКОУ Цудикская СОШ,
1081,МКОУ Шиназкская НОШ,
1082,МКОУ Шиназская СОШ,
1083,МКОУ Аракульская СОШ,
1084,МКОУ Аранская СОШ,
1085,  Сергокалинский район,
1086,МКОУ  Маммаульская СОШ,YES
1087,МКОУ Аймаумахинская СОШ,YES
1088,МКОУ Аялизимахинская СОШ,YES
1089,МКОУ Балтамахинская СОШ,YES
1090,МКОУ Бурдекинская СОШ,YES
1091,МКОУ Бурхимахинская СОШ,YES
1092,МКОУ Дегвинская СОШ,YES
1093,МКОУ Кадиркентская СОШ,YES
1094,МКОУ Канасирагинская СОШ,YES
1095,МКОУ Кичигамринская СОШ,YES
1096,МКОУ Краснопартизанская СОШ,YES
1097,МКОУ Миглакасимахинская СОШ,YES
1098,МКОУ Мургукская СОШ,YES
1099,МКОУ Мюрегинская СОШ,YES
1100,МКОУ Нижнемахаргинская СОШ,YES
1101,МКОУ Нижнемулебкинская СОШ,YES
1102,МКОУ Новомугринская СОШ,YES
1103,МКОУ Сергокалинская СОШ №1,YES
1104,МКОУ Сергокалинская СОШ №2,YES
1105,МКОУ Цурмахинская НОШ,
1106,МКОУ Ванашимахинская СОШ ,YES
1107,МКОУ Урахинская СОШ ,YES
1108,  Сулейман-Стальский район,
1109,МКОУ Алкадарская СОШ,YES
1110,МКОУ АСАЛИКЕНТСКАЯ ООШ,YES
1111,МКОУ Ашагакартасская ООШ,YES
1112,МКОУ Ашагасталказмалярская СОШ,YES
1113,МКОУ Ашагастальская СОШ,YES
1114,МКОУ БУТКЕНТСКАЯ НОШ,
1115,МКОУ Герейхановская СОШ №1,YES
1116,МКОУ Герейхановская СОШ №2 ,YES
1117,МКОУ Даркушказмалярская СОШ,YES
1118,МКОУ Зизикская СОШ,YES
1119,МКОУ ЗУХРАБКЕНТСКАЯ ООШ,YES
1120,МКОУ Испикская ООШ,YES
1121,МКОУ Испикская СОШ,YES
1122,МКОУ Ичинская ООШ,YES
1123,МКОУ Касумкентская СОШ №1 ,
1124,МКОУ Касумкентская СОШ №2,YES
1125,МКОУ КАХЦУГСКАЯ СОШ,YES
1126,МКОУ КАЧАЛКЕНТСКАЯ ООШ,YES
1127,МКОУ Корчагская СОШ,
1128,МКОУ Куркентская СОШ №1,YES
1129,МКОУ КУРКЕНТСКАЯ СОШ №2,YES
1130,МКОУ Новомакинская СОШ,YES
1131,МКОУ НОВОПОСЕЛКОВАЯ СОШ,YES
1132,МКОУ Нютюгская СОШ,YES
1133,МКОУ Ортастальская СОШ,YES
1134,МКОУ Пиперкентская НОШ,
1135,МКОУ Птикентская ООШ,YES
1136,МКОУ САИДКЕНТСКАЯ СОШ,YES
1137,МКОУ САЙТАРКЕНТСКАЯ ООШ ,YES
1138,МКОУ Сардаркентская СОШ,YES
1139,МКОУ Татарханская НОШ,
1140,МКОУ УЛЛУГАТАГСКАЯ СОШ,YES
1141,МКОУ ХПЮКСКАЯ НОШ,
1142,МКОУ Хтунская НОШ,
1143,МКОУ ЦМУРСКАЯ СОШ,YES
1144,МКОУ Чухверкентская СОШ,YES
1145,МКОУ Шихикентская СОШ,YES
1146,МКОУ Экендильская НОШ,
1147,МКОУ Эминхюрская СОШ,YES
1148,МКОУ Юхарикартасская ООШ,YES
1149,МКОУ Юхаристальская сош,YES
1150,  Табасаранский район,
1151,МКОУ Аккинская СОШ,YES
1152,МКОУ Аракская СОШ им.Гюльмагомедова Г.Г.,YES
1153,МКОУ Аркитская СОШ им. Абдуллаева Н.И.,YES
1154,МКОУ Афнинская НОШ,
1155,МКОУ Бурганкетская СОШ,
1156,МКОУ Вечрикская НОШ,
1157,МКОУ Гасикская СОШ,YES
1158,МКОУ Гелинбатанская СОШ,YES
1159,МКОУ Гимназия Табасаранского района,YES
1160,МКОУ Гисикская ООШ,YES
1161,МКОУ Гувлигская СОШ,YES
1162,МКОУ Гуминская СОШ,YES
1163,МКОУ Гурикская СОШ,YES
1164,МКОУ Гурхунская СОШ,YES
1165,МКОУ Гюхрагская СОШ,YES
1166,МКОУ Дагнинская ООШ,YES
1167,МКОУ Дарвагская СОШ №1,YES
1168,МКОУ Дарвагская СОШ №2,YES
1169,МКОУ Джулинская СОШ,YES
1170,МКОУ Джульджагская СОШ,YES
1171,МКОУ Дюбекская СОШ им.Ю.Базутаева,
1172,МКОУ Ерсинская СОШ,YES
1173,МКОУ Зильская СОШ,YES
1174,МКОУ Кужникская СОШ,YES
1175,МКОУ Курекская СОШ,YES
1176,МКОУ Куркакская СОШ,YES
1177,МКОУ Кюрягская СОШ,YES
1178,МКОУ Лидженская ООШ,
1179,МКОУ Марагинская СОШ №1,YES
1180,МКОУ Марагинская СОШ №2,YES
1181,МКОУ Ничраская СОШ,YES
1182,МКОУ Новолидженская СОШ,YES
1183,МКОУ Пилигская СОШ,YES
1184,МКОУ Рушульская СОШ,YES
1185,МКОУ Сертильская СОШ,YES
1186,МКОУ Сиканская НОШ,
1187,МКОУ Сиртичская СОШ,YES
1188,МКОУ Татильская СОШ,YES
1189,МКОУ Тинитская СОШ,YES
1190,МКОУ Турагская СОШ,YES
1191,МКОУ Туруфская СОШ,YES
1192,МКОУ Улузская ООШ,YES
1193,МКОУ Ушнигская СОШ,YES
1194,МКОУ Фиргильская СОШ,YES
1195,МКОУ Халагская СОШ,YES
1196,МКОУ Ханагская СОШ,YES
1197,МКОУ Ханакская ООШ,YES
1198,МКОУ Хапильская СОШ им. М.Т. Рахметова,YES
1199,МКОУ Хархнинская НОШ,
1200,МКОУ Хили-Пенджикская СОШ,YES
1201,МКОУ Хурикская СОШ им Р.Гасанова,
1202,МКОУ Хурякская ООШ,YES
1203,МКОУ Хустильская СОШ,YES
1204,МКОУ Хучнинская СОШ №2,YES
1205,МКОУ Хучнинский многопрофильный лицей №1,YES
1206,МКОУ Цанакская СОШ,YES
1207,МКОУ Цуртильская СОШ,YES
1208,МКОУ Цухтыгская СОШ  им.Т.Г. Юнусова,YES
1209,МКОУ Чулатская СОШ,YES
1210,МКОУ Шиленская СОШ,YES
1211,МКОУ Ягдыгская СОШ №1,YES
1212,МКОУ Ягдыгская СОШ №2,YES
1213,  Тарумовский район,
1214,МКОУ Тарумовская СОШ,YES
1215,МКОУ Таловская СОШ,YES
1216,МКОУ Н-Романовская СОШ,
1217,МКОУ Калиновская СОШ,YES
1218,МКОУ Н-Дмитриевская СОШ,
1219,МКОУ Кочубейская СОШ №1,
1220,МКОУ Привольненская СОШ,YES
1221,МКОУ Юрковская СОШ,YES
1222,МКОУ А-Невская СОШ,YES
1223,МКОУ Н-Георгиевская СОШ,
1224,МКОУ Карабаглинская СОШ,YES
1225,МКОУ Раздольевская СОШ,
1226,МКОУ Рассветовская СОШ,YES
1227,МКОУ Кочубейская СОШ №2,YES
1228,МКОУ Коктюбейская ООШ,YES
1229,МКОУ Кузнецовская ООШ,
1230,МКОУ Иммунная ООШ,
1231,МКОУ  М-Горьковская НОШ,
1232,  Тляратинский район,
1233,МКОУ  Харадинская НОШ,
1234,МКОУ Албанская НОШ,
1235,МКОУ Барнабская ООШ,YES
1236,МКОУ Бежудинская НОШ,
1237,МКОУ Бетельдинская СОШ,
1238,МКОУ ВТохотинская НОШ,
1239,МКОУ Гараколобская ООШ,
1240,МКОУ Гведышинская СОШ,YES
1241,МКОУ Генеколобская СОШ,YES
1242,МКОУ Герельская НОШ,
1243,МКОУ Гозодинская НОШ,
1244,МКОУ Жажадинская НОШ,
1245,МКОУ Камилюхская СОШ,
1246,МКОУ Кардибская ООШ,
1247,МКОУ Кардибская СОШ,
1248,МКОУ Колобская СОШ,
1249,МКОУ Кособская СОШ,
1250,МКОУ Куданская НОШ,
1251,МКОУ Кутлабская СОШ,YES
1252,МКОУ Мазадинская СОШ,YES
1253,МКОУ Начадинская СОШ,YES
1254,МКОУ Никлидинская НОШ,
1255,МКОУ Нитиицухская НОШ,
1256,МКОУ Нурухская НОШ,
1257,МКОУ Роснобская ООШ,
1258,МКОУ Салдинская НОШ,
1259,МКОУ Саниортинская ООШ,
1260,МКОУ Сикарская СОШ,
1261,МКОУ Талцухская СОШ,
1262,МКОУ Тамудинская НОШ,
1263,МКОУ Тинчудинская НОШ,
1264,МКОУ Тлянадинская ООШ,
1265,МКОУ Тляратинская СОШ ,YES
1266,МКОУ Тохотинская СОШ,
1267,МКОУ Укальская СОШ,
1268,МКОУ Урадинская НОШ,
1269,МКОУ Хадияльская СОШ,
1270,МКОУ Хидибская СОШ,
1271,МКОУ Хиндахская ООШ,YES
1272,МКОУ Хотлобская НОШ,
1273,МКОУ Цумилюхская СОШ,
1274,МКОУ Чадаколобская СОШ ,YES
1275,МКОУ Чородинская НОШ,
1276,МКОУ Шидибская НОШ,
1277,МКОУ Шидибская СОШ,YES
1278,  Унцукульский район,
1279,МКОУ Унцукульская СОШ № 1 ,YES
1280,МКОУ Унцукульская СОШ № 2,YES
1281,МКОУ Ашильтинская СОШ,YES
1282,МКОУ Гимринская СОШ,
1283,МКОУ Шамилькалинская СОШ,YES
1284,МКОУ Ирганайская СОШ,YES
1285,МКОУ Араканская СОШ,YES
1286,МКОУ Зиранинская СОШ,YES
1287,МКОУ Балаханская СОШ,
1288,МКОУ Кахабросинская СОШ,
1289,МКОУ Цатанихская СОШ,YES
1290,МКОУ Гимринская поселковая СОШ,
1291,МКОУ Иштибуринская ООШ,
1292,МКОУ Харачинская ООШ,
1293,МКОУ Моксохская ООШ,
1294,  Хасавюртовский район,
1295,МБОУ Аксайская школа-интернат,
1296,МБОУ Аджимажагатюртовская СОШ,YES
1297,МБОУ Адильотарская СОШ,YES
1298,МБОУ Акбулатюртовская СОШ,YES
1299,МБОУ Аксайская СОШ № 1 им. З.Н.Батырмурзаева,YES
1300,МБОУ Аксайская СОШ № 2 им. Х.Г.Магидова,YES
1301,МБОУ Байрамаульская СОШ,YES
1302,МБОУ Бамматюртовская СОШ,YES
1303,МБОУ Борагангечувская СОШ,YES
1304,МБОУ Боташюртовская СОШ им. Б.Т.Ахаева,
1305,МБОУ Ботаюртовская СОШ им. Н.П.Жердева,YES
1306,МБОУ Генжеаульская СОШ им. М.М.Зумаева,YES
1307,МБОУ Гоксувотарская СОШ,YES
1308,МБОУ Дзержинская СОШ,YES
1309,МБОУ Ичичалинская СОШ им. Б.Г.Битарова,YES
1310,МБОУ Кадыротарская СОШ,YES
1311,МБОУ Казмааульская СОШ,YES
1312,МБОУ Кандаураульская СОШ им. О.К.Кандаурова,YES
1313,МБОУ Карланюртовская СОШ им. А.Д.Шихалиева,YES
1314,МБОУ Кемсиюртовская СОШ,YES
1315,МБОУ Кокрекская СОШ,YES
1316,МБОУ Костекская СОШ им. Б.Ш.Бакиева,YES
1317,МБОУ Курушская СОШ № 1 им. А.Б.Айдунова,YES
1318,МБОУ Курушская СОШ № 2 им. Я.С.Аскандарова,YES
1319,МБОУ Могилевская СОШ им. Н.У.Азизова,YES
1320,МБОУ Моксобская СОШ им. О-Г.М.Шахтаманова,YES
1321,МБОУ Муцалаульская СОШ № 1 им. А.Я.Абдуллаева,YES
1322,МБОУ Муцалаульская СОШ № 2,YES
1323,МБОУ Новогагатлинская СОШ им. Х.С.Салимова,YES
1324,МБОУ Новокостекская СОШ,YES
1325,МБОУ Новосаситлинская СОШ,YES
1326,МБОУ Новосельская СОШ,YES
1327,МБОУ Нурадиловская гимназия Культуры мира им. А.Д.Адилсолтанова,YES
1328,МБОУ Октябрьская СОШ,YES
1329,МБОУ Османюртовская СОШ им. И.А.Бейбулатова,YES
1330,МБОУ Первомайская СОШ им. И.Г.Исакова,YES
1331,МБОУ Петраковская СОШ,YES
1332,МБОУ Покровская СОШ,YES
1333,МБОУ Пятилеткинская СОШ,YES
1334,МБОУ Садовая СОШ,YES
1335,МБОУ Сивухская СОШ,YES
1336,МБОУ Советская СОШ им. Ш.Т.Амичева,YES
1337,МБОУ Солнечная СОШ,YES
1338,МБОУ ст.Карланюртовская СОШ,
1339,МБОУ Сулевкентская СОШ им. С.А.Абдуллаева,YES
1340,МБОУ Темираульская СОШ им. Б.Ш.Баймурзаева,YES
1341,МБОУ Теречная СОШ,YES
1342,МБОУ Тотурбийкалинская СОШ им. А.К.Кабардиева,YES
1343,МБОУ Тукитинская СОШ,YES
1344,МБОУ Хамавюртовская СОШ им. А.М.Аджиева,YES
1345,МБОУ Чагаротарская СОШ им. А.И.Исмаилова,YES
1346,МБОУ Шагадинская СОШ,YES
1347,МБОУ Эндирейская СОШ № 1,YES
1348,МБОУ Эндирейская СОШ № 2 им. А.А.Алиханова,YES
1349,  Хивский район,
1350,МКОУ  Ново-Фригская СОШ,YES
1351,МКОУ Арчугская НОШ,YES
1352,МКОУ Атрикская НОШ,YES
1353,МКОУ Ашага-Архитская СОШ им.С.А.Аллахвердиева,
1354,МКОУ Ашага-Яракская СОШ,YES
1355,МКОУ Зазинская НОШ,
1356,МКОУ Захитская СОШ,YES
1357,МКОУ Зильдикская ООШ им.С.А.Алиева,YES
1358,МКОУ Кандикская СОШ им.Б.Митарова,YES
1359,МКОУ Кувигская НОШ,
1360,МКОУ Кугская СОШ им.Б.Байрамбекова,YES
1361,МКОУ Ляхлинская СОШ,YES
1362,МКОУ Сюгютская СОШ имени М.Митарова,
1363,МКОУ Ургинская СОШ,YES
1364,МКОУ Уртильская НОШ,
1365,МКОУ Фурдагская НОШ,
1366,МКОУ Хивская СОШ им. М.Шамхалова,
1367,МКОУ Цудукская ООШ,YES
1368,МКОУ Черенская ООШ,YES
1369,МКОУ Чиликарская ООШ,YES
1370,МКОУ Ю-Архитская НОШ,
1371,МКОУ Яргильская НОШ,
1372,МКОУАсакентская НОШ,
1373,МКОУДардаркентская НОШ,
1374,МКОУКанцильская СОШ,YES
1375,МКОУКашкентская СОШ,YES
1376,МКОУКуштильская СОШ,YES
1377,МКОУЛакинская ООШ им.Д.А.Раджабова,
1378,МКОУМежгюльская СОШ,YES
1379,МКОУХореджская СОШ,YES
1380,МКОУЦинитская СОШ им.Магомедова А.М.,
1381,МКОУЦнальская СОШ им.Н.А.Велиханова,
1382,МКОУЧувекская СОШ им.А.Сефербекова,
1383,МКОУЮхари-Яракская ООШ им.А.М.Юсуфова,
1384,  Хунзахский район,
1385,МКОУ  Амущинская СОШ,
1386,МКОУ  Аранинская СОШ,
1387,МКОУ  Ахалчинская СОШ,
1388,МКОУ  Батлаичская СОШ,
1389,МКОУ  Буцринская СОШ,
1390,МКОУ  Гоцатлинская СОШ,YES
1391,МКОУ  Мочохская СОШ,
1392,МКОУ  Новобуцринская СОШ,
1393,МКОУ  Ободинская СОШ,
1394,МКОУ  Оротинская СОШ,
1395,МКОУ Тагадинская СОШ,
1396,МКОУ  Танусинская СОШ,
1397,МКОУ  Тлайлухская СОШ,
1398,МКОУ  Уздалросинская СОШ,
1399,МКОУ  Харахинская СОШ,
1400,МКОУ  Хариколинская СОШ,
1401,МКОУ  Хиндахская СОШ,YES
1402,МКОУ   Хунзахская СОШ № 1,YES
1403,МКОУ  Хунзахская СОШ № 2,YES
1404,МКОУ  Хунзахская сош интер.,YES
1405,МКОУ  Гацалухская ООШ,
1406,МКОУ Заибская ООШ,
1407,МКОУ Кахская ООШ,
1408,МКОУ  Оркачинская ООШ,
1409,МКОУ  Очлинская ООШ,
1410,МКОУ  Сиухская ООШ,
1411,МКОУ  Цадинская ООШ,
1412,МКОУ  Шотодинская ООШ,
1413,МКОУ  Байитлинская НОШ,
1414,МКОУ  Гиничутлинская НОШ,
1415,МКОУ  Гозоколинская НОШ,
1416,МКОУ Гортколинская НОШ,
1417,МКОУ Гонохская НОШ,
1418,МКОУ  Колинская НОШ,
1419,МКОУ  Накитлинская НОШ,
1420,МКОУ  Хининская НОШ,
1421,МКОУ  Цалкитинская НОШ,
1422,МКОУ  Чондотлинская НОШ,
1423,МКОУ  Эбутинская НОШ,
1424,  Цумадинский район,
1425,МКОУ Агвалинская гимназия имени Кади Абакарова,YES
1426,МКОУ Верхнегакваринская СОШ-детский сад,YES
1427,МКОУ Гадиринская ООШ-детский сад,
1428,МКОУ Гаккойская СОШ,YES
1429,МКОУ Гигатли -Урухская ООШ,
1430,МКОУ Гигатлинская СОШ,YES
1431,МКОУ Гимерсинская СОШ,YES
1432,МКОУ Кванадинская СОШ,YES
1433,МКОУ Кединская СОШ,YES
1434,МКОУ Метрадинская СОШ,YES
1435,МКОУ Нижнегакваринская СОШ-детский сад,
1436,МКОУ Нижнеинхокваринская СОШ,YES
1437,МКОУ Саситлинская СОШ,YES
1438,МКОУ Сильдинская СОШ,YES
1439,МКОУ Тиндинская СОШ,YES
1440,МКОУ Тисси-Ахитлинская СОШ,YES
1441,МКОУ Тиссинская СОШ,YES
1442,МКОУ Тлондодинская СОШ,YES
1443,мКОУ Хонохская СОШ,
1444,МКОУ Хушетская СОШ,YES
1445,МКОУ Хуштадинская СОШ- детский сад,
1446,МКОУ Эчединская СОШ- детский сад,
1447,  Цунтинский район,
1448,МКОУ Асахская СОШ,
1449,МКОУ Генухская СОШ,
1450,МКОУ Гутатлинская СОШ,
1451,МКОУ Кидеринская СОШ,
1452,МКОУ Китуринская СОШ,
1453,МКОУ Махалатлинская СОШ,
1454,МКОУ Междуреченская СОШ,
1455,МКОУ Мекалинская СОШ,
1456,МКОУ Мококская СОШ,
1457,МКОУ Ретлобская СОШ,YES
1458,МКОУ Сагадинская СОШ,
1459,МКОУ Хебатлинская СОШ,
1460,МКОУ Хупринская СОШ,
1461,МКОУ Хутрахская СОШ,
1462,МКОУ Хибятлинская СОШ,
1463,МКОУ Цебаринская СОШ,
1464,МКОУ Шауринская СОШ,
1465,МКОУ Шапихская СОШ,
1466,МКОУ Шаитлинская СОШ,
1467,МКОУ Зехидинская ООШ,
1468,  Чародинский район,
1469,МКОУ Алчунибская НОШ,
1470,МКОУ Арчибская СОШ,YES
1471,МКОУ Гилибская СОШ,YES
1472,МКОУ Гимитлинская НОШ,
1473,МКОУ Гочобская СОШ,YES
1474,МКОУ Доронубская НОШ,
1475,МКОУ Дусрахская СОШ,YES
1476,МКОУ Ирибская СОШ,YES
1477,МКОУ Кубатлинская НОШ,
1478,МКОУ Кутихская НОШ,
1479,МКОУ Магарская СОШ,YES
1480,МКОУ Ритлябская НОШ,
1481,МКОУ Сачадинская ООШ,
1482,МКОУ Тлярабазутлинская НОШ,
1483,МКОУ Тлярошская СОШ,YES
1484,МКОУ Урухсотинская НОШ,
1485,МКОУ Утлухская НОШ,
1486,МКОУ Хилихская НОШ,
1487,МКОУ Хитабская НОШ,
1488,МКОУ Цемерская ООШ,
1489,МКОУ Цулдинская ООШ,
1490,МКОУ Цурибская СОШ,YES
1491,МКОУ Чародинская ООШ,
1492,МКОУ Читабская НОШ,
1493,МКОУ Шалибская ООШ,
1494,  Шамильский район,
1495,МКОУ  Андыхская СОШ,YES
1496,МКОУ  Батлухская НОШ,YES
1497,МКОУ  Батлухская СОШ,
1498,МКОУ  Верхнеколобская СОШ,YES
1499,МКОУ  Геницоробская НОШ,
1500,МКОУ  Гентинская СОШ,YES
1501,МКОУ  Гоготлинская СОШ,YES
1502,МКОУ  Голотлинская СОШ,YES
1503,МКОУ  Гоорская СОШ,YES
1504,МКОУ  Гоорхиндахская НОШ,
1505,МКОУ  Дагбашская ООШ,YES
1506,МКОУ  Датунатинская НОШ,
1507,МКОУ  Занатинская НОШ ,
1508,МКОУ  Зиурибская ООШ,YES
1509,МКОУ  Кахибская СОШ,YES
1510,МКОУ  Митлиурибская ООШ,YES
1511,МКОУ  Накитлинская НОШ,
1512,МКОУ  Нитабская НОШ,
1513,МКОУ  НОШ Радость ,YES
1514,МКОУ  Ратлубская СОШ,YES
1515,МКОУ  Ругельдинская СОШ,YES
1516,МКОУ  Сомодинская НОШ,
1517,МКОУ  Телетлинская СОШ №1,YES
1518,МКОУ  Телетлинская СОШ №2,YES
1519,МКОУ  Тидибская СОШ,YES
1520,МКОУ  Тлездинская НОШ,
1521,МКОУ  Тогохская СОШ,YES
1522,МКОУ  Урибская СОШ,
1523,МКОУ  Хамакалинская НОШ,
1524,МКОУ  Хебдинская СОШ,YES
1525,МКОУ  Хонохская НОШ,
1526,МКОУ  Хородинская НОШ,
1527,МКОУ  Хучадинская ООШ,YES
1528,МКОУ  Цекобская НОШ,
1529,МКОУ Ассабская СОШ им. С. Д. Омарова,YES
1530,МКОУ Верхнебатлухская СОШ,YES
1531,МКОУ Куанибская ООШ,YES
1532,МКОУ Мачадинская СОШ,YES
1533,МКОУ Могохская ООШ,YES
1534,МКОУ Мусрухская НОШ,
1535,МКОУ Ругельдахиндахская НОШ,
1536,МКОУ Тлянубская ООШ,
1537,МКОУ Тляхская СОШ,YES
1538,МКОУ Урадинская СОШ,YES
1539,МКОУ Урчухская НОШ,
1540,МКОУ Хотодинская СОШ,YES
